{"current":{"color_text":"#3d4246","color_body_text":"#3d4246","color_sale_text":"#557b97","color_button":"#b84630","color_text_field_border":"#949494","color_image_overlay":"#3d4246","type_header_font":"montserrat_n7","type_header_base_size":32,"type_base_font":"montserrat_n4","type_base_size":16,"share_facebook":false,"share_twitter":false,"share_pinterest":false,"favicon":"shopify:\/\/shop_images\/app_face.png","currency_code_enabled":true,"checkout_logo_image":"shopify:\/\/shop_images\/header_mailing_1e27a344-a93e-4983-969e-323b5b90637c.jpg","sections":{"header":{"type":"header","settings":{"align_logo":"left","logo":"shopify:\/\/shop_images\/Logo_FH_oficial_cymyc.png","logo_max_width":250,"main_linklist":"main-menu","message":false,"home_page_only":true,"message_text":"Powered by footballhost.com","message_link":"https:\/\/www.footballhost.com\/","color_bg":"#b84630","color_text":"#ffffff"}},"feature-row":{"type":"feature-row","disabled":true,"settings":{"image":"shopify:\/\/shop_images\/mini_2021-09-26-BARCELONA-LEVANTE-67.jpg","layout":"left","title":"FC Barcelona vs Dynamo Kyiv","text":"<p>Buy your FC Barcelona vs Dynamo Kyiv tickets. Different categories available.<\/p>","button_label":"","button_link":""}},"feature-columns":{"type":"feature-columns","blocks":{"feature-columns-2":{"type":"text_block","settings":{"enable_image":true,"title":"Agregar un título o eslogan","text":"<p>Comparte entradas de blogs, productos o promociones con tus clientes. Usa este texto para describir productos, compartir detalles sobre la disponibilidad y el estilo, o como un espacio para mostrar reseñas recientes o preguntas frecuentes.<\/p>","button_label":"","button_link":""}},"b179b5d4-57ab-4cb6-9785-b35847d474bc":{"type":"text_block","settings":{"enable_image":true,"title":"Add a title or tagline","text":"<p>Share blog posts, products, or promotions with your customers. Use this text to describe products, share details on availability and style, or as a space to display recent reviews or FAQs.<\/p>","button_label":"","button_link":""}},"e3a3eba9-67b5-45dd-8609-08cbe6c6be50":{"type":"text_block","settings":{"enable_image":true,"title":"Add a title or tagline","text":"<p>Share blog posts, products, or promotions with your customers. Use this text to describe products, share details on availability and style, or as a space to display recent reviews or FAQs.<\/p>","button_label":"","button_link":""}}},"block_order":["feature-columns-2","b179b5d4-57ab-4cb6-9785-b35847d474bc","e3a3eba9-67b5-45dd-8609-08cbe6c6be50"],"settings":{"title":"","align_text":"left"}},"collection":{"type":"collection","settings":{"title":"Colección destacada","collection":"","grid":3,"rows":1,"show_vendor":false,"show_view_all":false}},"quotes":{"type":"quotes","disabled":true,"blocks":{"quotes-0":{"type":"quote","settings":{"quote":"<p>Agrega reseñas y testimonios de los clientes satisfechos con tu tienda para mostrarlos.<\/p>","author":"Nombre del autor"}}},"block_order":["quotes-0"],"settings":{"title":""}},"image-bar":{"type":"image-bar","blocks":{"image-bar-1":{"type":"image","settings":{"alignment":"center","link":"","cta_label":""}},"image-bar-2":{"type":"image","settings":{"alignment":"center","link":"","cta_label":""}}},"block_order":["image-bar-1","image-bar-2"],"settings":{"section_height":"medium"}},"footer":{"type":"footer","blocks":{"6e4c9dce-a07c-41c0-861d-b5b21310372c":{"type":"link_list","settings":{"title":"TOP Tickets","menu":"top-tickets"}},"e17b18ed-0cbf-4290-9468-7fe7c6aff506":{"type":"text","settings":{"title":"Agencies","text":"<p><a href=\"\/pages\/landing-agencies\" title=\"Football Host Agencies\">Contact us<\/a> if you are a travel agent and you want us to organize a football trip for your customers. If you prefer, you can sign up as agency <a href=\"https:\/\/footballhost.com\/account\/register\" title=\"https:\/\/footballhost.com\/account\/register\">here<\/a>.<br\/><\/p>"}},"67fdcab5-1ec8-4ae9-963c-8ab6f9d0c6dc":{"type":"text","settings":{"title":"Contact Football Host","text":"<p>For any questions or request you can contact us <a href=\"https:\/\/footballhost.com\/pages\/contact\" title=\"https:\/\/footballhost.com\/pages\/contact\">here<\/a><br\/><\/p>"}},"5aa64697-e464-4d6a-85ea-ca64538c7c4a":{"type":"link_list","settings":{"title":"T&C","menu":"footer"}}},"block_order":["6e4c9dce-a07c-41c0-861d-b5b21310372c","e17b18ed-0cbf-4290-9468-7fe7c6aff506","67fdcab5-1ec8-4ae9-963c-8ab6f9d0c6dc","5aa64697-e464-4d6a-85ea-ca64538c7c4a"],"settings":{"show_payment_icons":false,"color_footer_bg":"#f6f6f6","color_footer_text":"#333232","show_currency_selector":false,"show_locale_selector":false}},"product-template":{"type":"product-template","settings":{"show_quantity_selector":true,"show_vendor":false,"enable_payment_button":true,"show_share_buttons":false,"media_size":"medium","enable_image_zoom":true,"enable_video_looping":false}},"product-recommendations":{"type":"product-recommendations","settings":{"show_product_recommendations":false,"heading":"También te puede interesar","show_vendor":false}},"16333495431665ddc7":{"type":"logo-bar","disabled":true,"blocks":{"16333495431665ddc7-1":{"type":"logo_image","settings":{"image":"shopify:\/\/shop_images\/secure2.png","link":""}},"16333495431665ddc7-0":{"type":"logo_image","settings":{"image":"shopify:\/\/shop_images\/tarjetas_shopify.jpg","link":""}}},"block_order":["16333495431665ddc7-1","16333495431665ddc7-0"],"settings":{"title":"SECURE PAYMENT"}},"list-collections-template":{"type":"list-collections-template","settings":{"display_type":"all","sort":"alphabetical","grid":3}},"collection-template":{"type":"collection-template","settings":{"layout":"list","grid":4,"rows":2,"show_collection_image":true,"show_vendor":false,"sort_enable":true,"tags_enable":true,"hide_images":true,"show_add_button":true}},"164547116476ae1e58":{"type":"slideshow","blocks":{"164547116476ae1e58-1":{"type":"image","settings":{"image":"shopify:\/\/shop_images\/portada_clasico.jpg","alignment":"center center","slide_title":"Real Madrid vs Liverpool","subheading":"March 15 at Santiago Bernabeu","button_label":"BUY TICKETS","button_link":"shopify:\/\/products\/real-madrid-liverpool-tickets"}},"23a2f3be-f5ee-43ae-8c4a-98d2cc31a8a4":{"type":"image","settings":{"image":"shopify:\/\/shop_images\/2013-03-12_MOSAIC_FCB-MILAN_-_004_pantalles_8a5d2bd5-f86a-4073-8089-7ff7edc9f61a.jpg","alignment":"center center","slide_title":"FC Barcelona vs Real Madrid","subheading":"March 19 at Camp Nou","button_label":"BUY TICKETS","button_link":"shopify:\/\/products\/fc-barcelona-real-madrid-tickets"}},"164547116476ae1e58-0":{"type":"image","settings":{"image":"shopify:\/\/shop_images\/2013-10-26_FCB_-_REAL_MADRID_001.jpg","alignment":"center center","slide_title":"FC Barcelona vs Manchester United","subheading":"February 16 at Camp Nou","button_label":"BUY TICKEYS","button_link":"shopify:\/\/products\/fc-barcelona-manchester-united-tickets"}}},"block_order":["164547116476ae1e58-1","23a2f3be-f5ee-43ae-8c4a-98d2cc31a8a4","164547116476ae1e58-0"],"settings":{"slideshow_height":"small","text_size":"medium","text_alignment":"center center","show_overlay":true,"autorotate":true,"autorotate_speed":3}},"16455329317a0df145":{"type":"feature-columns","blocks":{"16455329317a0df145-1":{"type":"text_block","settings":{"enable_image":true,"image":"shopify:\/\/shop_images\/FCBARCELONA_vs_REALSOCIEDAD_afd4e659-09fc-44b6-ab15-62c9303a8b18.png","title":"FC Barcelona vs Real Sociedad (Copa del Rey)","text":"","button_label":"BUY TICKETS","button_link":"shopify:\/\/products\/fc-barcelona-real-sociedad-tickets-copa-del-rey"}},"16455329317a0df145-0":{"type":"text_block","settings":{"enable_image":true,"image":"shopify:\/\/shop_images\/FCBARCELONA_vs_MANCHESTER_v2.jpg","title":"FC Barcelona vs Manchester United (Europa League)","text":"","button_label":"BUY TICKETS","button_link":"shopify:\/\/products\/fc-barcelona-manchester-united-tickets"}},"7e7e1c0d-f1c6-4c69-9100-7c49b6f20804":{"type":"text_block","settings":{"enable_image":true,"image":"shopify:\/\/shop_images\/REALMADRID_vs_ATM_f18b7e9d-2ec0-4110-a748-e627d4908afc.png","title":"Real Madrid vs Atletico Madrid (La Liga)","text":"","button_label":"BUY TICKETS","button_link":"shopify:\/\/products\/real-madrid-atletico-de-madrid-tickets"}},"10cfe59e-ff51-48dd-90fa-69b7bf4cdd82":{"type":"text_block","settings":{"enable_image":true,"image":"shopify:\/\/shop_images\/REALMADRID_vs_LIVERPOOL_8dfcf419-b98d-4914-998e-53f8af23e821.jpg","title":"Real Madrid vs Liverpool (Champions League)","text":"","button_label":"BUY TICKETS","button_link":"shopify:\/\/products\/real-madrid-liverpool-tickets"}},"238953b1-d5c6-42e1-a382-a374471a9da3":{"type":"text_block","settings":{"enable_image":true,"image":"shopify:\/\/shop_images\/FCBARCELONA_vs_REALMADRID_c8880277-4dba-48c1-88a8-678c3fd1a902.png","title":"FC Barcelona vs Real Madrid (La Liga)","text":"","button_label":"BUY TICKETS","button_link":"shopify:\/\/products\/fc-barcelona-real-madrid-tickets"}},"16455329317a0df145-2":{"type":"text_block","settings":{"enable_image":true,"image":"shopify:\/\/shop_images\/BAYERN_vs_DORTMUND_39d155ac-481b-42ee-9683-6fc948fdb321.png","title":"Bayern Munich vs Borussia Dortmund (Bundesliga)","text":"","button_label":"BUY TICKETS","button_link":"shopify:\/\/products\/bayern-munich-borussia-dortmund-tickets"}},"4e3953ed-befe-475f-9b97-830129214fdf":{"type":"text_block","settings":{"enable_image":true,"image":"shopify:\/\/shop_images\/BAYERN_vs_DORTMUND_39d155ac-481b-42ee-9683-6fc948fdb321.png","title":"Bayern Munich vs Borussia Dortmund (Bundesliga)","text":"","button_label":"BUY TICKETS","button_link":"shopify:\/\/products\/bayern-munich-borussia-dortmund-tickets"}},"71f14ba2-4626-4340-a7b9-c31869e6bfd4":{"type":"text_block","settings":{"enable_image":true,"image":"shopify:\/\/shop_images\/PSG_vs_LYON_cce67a26-ef43-43cb-8784-ff01821da890.png","title":"Paris Saint-Germain vs Olympique Lyon (Ligue 1)","text":"","button_label":"BUY TICKETS","button_link":"shopify:\/\/products\/paris-saint-germain-olympique-lyon-tickets"}},"e2e65c6d-a329-4f48-8f75-77d35325fbf7":{"type":"text_block","settings":{"enable_image":true,"image":"shopify:\/\/shop_images\/ESPANYOL_vs_FCBARCELONA_f68b9565-d75a-436d-b6c2-874b721d6716.png","title":"RCD Espanyol vs FC Barcelona (La Liga)","text":"","button_label":"BUY TICKETS","button_link":"shopify:\/\/products\/rcd-espanyol-fc-barcelona-tickets"}}},"block_order":["16455329317a0df145-1","16455329317a0df145-0","7e7e1c0d-f1c6-4c69-9100-7c49b6f20804","10cfe59e-ff51-48dd-90fa-69b7bf4cdd82","238953b1-d5c6-42e1-a382-a374471a9da3","16455329317a0df145-2","4e3953ed-befe-475f-9b97-830129214fdf","71f14ba2-4626-4340-a7b9-c31869e6bfd4","e2e65c6d-a329-4f48-8f75-77d35325fbf7"],"settings":{"title":"TOP Matches","align_text":"center"}},"1645535516dc0a5866":{"type":"logo-bar","blocks":{"1645535516dc0a5866-0":{"type":"logo_image","settings":{"image":"shopify:\/\/shop_images\/customer-service-24-2.png","link":""}},"1645535516dc0a5866-1":{"type":"logo_image","settings":{"image":"shopify:\/\/shop_images\/ticket-guarenteed2.png","link":""}},"1645535516dc0a5866-2":{"type":"logo_image","settings":{"image":"shopify:\/\/shop_images\/seats-together-2.png","link":""}},"1645535516dc0a5866-3":{"type":"logo_image","settings":{"image":"shopify:\/\/shop_images\/secure-delivery2.png","link":""}}},"block_order":["1645535516dc0a5866-0","1645535516dc0a5866-1","1645535516dc0a5866-2","1645535516dc0a5866-3"],"settings":{"title":"Best service guaranteed"}},"16455355364874eaaf":{"type":"logo-bar","blocks":{"16455355364874eaaf-1":{"type":"logo_image","settings":{"image":"shopify:\/\/shop_images\/logo_oficial_fcb_2223_alta.png","link":""}},"16455355364874eaaf-0":{"type":"logo_image","settings":{"image":"shopify:\/\/shop_images\/rcd_espanyol_official_agent_home.png","link":""}}},"block_order":["16455355364874eaaf-1","16455355364874eaaf-0"],"settings":{"title":"We are Official Ticket Agent"}},"cart-template":{"type":"cart-template","settings":{"cart_ajax_enable":true,"cart_notes_enable":false}},"f798e866-fe8f-45ea-919c-8216df573734":{"type":"feature-columns","blocks":{"0701435f-7cc5-4189-b67b-73383c5bf2cf":{"type":"text_block","settings":{"enable_image":true,"image":"shopify:\/\/shop_images\/host_fcb.jpg","title":"Frankfurt Club Barcelona (FC Barcelona)","text":"","button_label":"BUY EXPERIENCE","button_link":"https:\/\/footballhost.com\/pages\/seller-profile?frankfurt-club-barcelona-con-pablo-fc-barcelona"}},"ff4b9660-a0ae-463d-934d-c1b1336b48f2":{"type":"text_block","settings":{"enable_image":true,"image":"shopify:\/\/shop_images\/host_atletico_nacional.png","title":"Boulevard Libertadores 70 (Atletico Nacional)","text":"","button_label":"BUY EXPERIENCE","button_link":"https:\/\/footballhost.com\/pages\/seller-profile?boulevard-libertadores-70-con-john-atl%C3%A9tico-nacional"}},"05d4905a-6aa7-4deb-b3d7-5428a6e28e6b":{"type":"text_block","settings":{"enable_image":true,"image":"shopify:\/\/shop_images\/host_boca_juniors.png","title":"La Previa de Irala (Boca Juniors)","text":"","button_label":"BUY EXPERIENCE","button_link":"https:\/\/footballhost.com\/pages\/seller-profile?la-previa-de-irala-con-pablo-boca-juniors"}}},"block_order":["0701435f-7cc5-4189-b67b-73383c5bf2cf","ff4b9660-a0ae-463d-934d-c1b1336b48f2","05d4905a-6aa7-4deb-b3d7-5428a6e28e6b"],"settings":{"title":"Plan your next trip and live and experience with a local fan","align_text":"center"}},"4cd16f2a-2cd3-44ee-ab8a-ca92a0f9dd21":{"type":"feature-columns","blocks":{"70d3449e-6ac6-48e8-9534-abed7b44bc80":{"type":"text_block","settings":{"enable_image":true,"image":"shopify:\/\/shop_images\/Barcautd.png","title":"FC Barcelona - Manchester United, to follow or not to follow","text":"<p>Barça and Manchester United are two classics of continental football who will be playing for all or nothing in an unprecedented Europa League match. Fans are looking for where to buy tickets for the matches at Spotify Camp Nou and Old Trafford. Not surprisingly, the duels between these two clubs have always been synonymous with goals and good football.<\/p>","button_label":"READ MORE","button_link":"https:\/\/footballhost.com\/blogs\/experiences\/barcelona-manchester-united-to-follow-or-not-to-follow"}},"134d60a0-fe7f-4eee-b28a-5357ccf52dc5":{"type":"text_block","settings":{"enable_image":true,"image":"shopify:\/\/shop_images\/torcida_mundo.png","title":"Maior Torcida do Mundo","text":"<p>Flamengo fans are probably the happiest fans in the world right now. Some of their players may have the honour of becoming double world champions in just a few months. The torcida is looking forward to the World Cup in Qatar and the upcoming Club World Cup and a dream final against Real Madrid. The stands at the Maracana are celebrating.<\/p>","button_label":"READ MORE","button_link":"https:\/\/footballhost.com\/blogs\/experiences\/biggest-cheerleader-in-the-world"}},"87117257-fa2f-4185-bfe4-0547d907356b":{"type":"text_block","settings":{"enable_image":true,"image":"shopify:\/\/shop_images\/Arg_fans.png","title":"Argentine passion and ilusion","text":"<p>Argentina is living moments of happiness in terms of football and is looking forward to Tuesday 22 November, when Lionel Messi may begin to say goodbye to the national team. While it is normal for the<br\/>country to come to a standstill every time the World Cup comes around, this time it will be special, as the team coached by Lionel Scaloni is one of the<br\/>favourites.<\/p>","button_label":"READ MORE","button_link":"https:\/\/footballhost.com\/blogs\/experiences\/argentine-passion-and-illusion"}}},"block_order":["70d3449e-6ac6-48e8-9534-abed7b44bc80","134d60a0-fe7f-4eee-b28a-5357ccf52dc5","87117257-fa2f-4185-bfe4-0547d907356b"],"settings":{"title":"Experiences Blog","align_text":"center"}},"e04153cd-212e-462b-a60e-5a9492528bf5":{"type":"video","disabled":true,"settings":{"image":"shopify:\/\/shop_images\/FOOTBALL_HOST-1.png","image_position":"center center","video_link":"https:\/\/www.youtube.com\/watch?v=bpT0krODdro","show_overlay":true,"style":"image_with_play","height":"small","video_title":"Tired of watching boring football matches? Live football with local fans!","text_size":"medium"}},"f444fea9-1ac1-4857-9c1b-d7bb8460622a":{"type":"newsletter","settings":{"section_title":"Subscribe to our newsletter","subheading":"<p>And be the first to know when the tickets of your team are available. <\/p><p>By subscribing you accept our <a href=\"\/policies\/terms-of-service\" title=\"Terms of Service\">T&C<\/a> and <a href=\"\/policies\/privacy-policy\" title=\"Privacy Policy\">Privacy Policy<\/a>.<\/p>","show_background":true}},"dcc7ae84-92c3-4789-8fd1-08a7a9cbde7b":{"type":"collection","disabled":true,"settings":{"title":"TOP MATCHES","collection":"top-matches","grid":4,"rows":2,"show_vendor":false,"show_view_all":false}}},"content_for_index":["164547116476ae1e58","dcc7ae84-92c3-4789-8fd1-08a7a9cbde7b","16455329317a0df145","f798e866-fe8f-45ea-919c-8216df573734","1645535516dc0a5866","4cd16f2a-2cd3-44ee-ab8a-ca92a0f9dd21","16455355364874eaaf","16333495431665ddc7","e04153cd-212e-462b-a60e-5a9492528bf5","quotes","f444fea9-1ac1-4857-9c1b-d7bb8460622a"],"blocks":{"12793297677437526120":{"type":"shopify:\/\/apps\/content-translation\/blocks\/custom_translations\/b5b83690-efd4-434d-8c6a-a5cef4019faf","disabled":false,"settings":{}},"8765772171712610185":{"type":"shopify:\/\/apps\/t-lab-ai-language-translate\/blocks\/language_switcher\/b5b83690-efd4-434d-8c6a-a5cef4019faf","disabled":false,"settings":{"enable_language_switcher":true,"enable_country_region_switcher":false,"use_modal_dialog":false,"use_currency_for_region":false,"switcher_position":"custom","show_flags":true,"language_label":"language-name","language_country_mapping":"","countries_filter":"","custom_css":"","header_switcher_reference_element":"","header_switcher_relative_position":"before","mobile_menu_switcher_reference_element":"","mobile_switcher_relative_position":"before","header_switcher_border_width":0,"switcher_viewport_position":"top-right","custom_position_spacing_top":"55","custom_position_spacing_right":"20","custom_position_spacing_bottom":"20","custom_position_spacing_left":"20","custom_switcher_font_size":"14px","custom_switcher_border_width":1,"custom_switcher_text_color":"#5c5c5c","custom_switcher_background_color":"#ffffff","custom_switcher_border_color":"#000000"}}}},"presets":{"Default":{"sections":{"header":{"type":"header","settings":{}},"hero-1":{"type":"hero","settings":{"hero_size":"large","text_size":"large"}},"feature-row":{"type":"feature-row","settings":{}},"feature-columns":{"type":"feature-columns","blocks":{"feature-columns-0":{"type":"text_block","settings":{}},"feature-columns-1":{"type":"text_block","settings":{}},"feature-columns-2":{"type":"text_block","settings":{}}},"block_order":["feature-columns-0","feature-columns-1","feature-columns-2"],"settings":{"title":""}},"collection":{"type":"collection","settings":{"grid":4}},"hero-2":{"type":"hero","settings":{"text_size":"large"}},"quotes":{"type":"quotes","blocks":{"quotes-0":{"type":"quote","settings":{}},"quotes-1":{"type":"quote","settings":{}},"quotes-2":{"type":"quote","settings":{}}},"block_order":["quotes-0","quotes-1","quotes-2"],"settings":{"title":""}},"image-bar":{"type":"image-bar","blocks":{"image-bar-0":{"type":"image","settings":{}},"image-bar-1":{"type":"image","settings":{}},"image-bar-2":{"type":"image","settings":{}}},"block_order":["image-bar-0","image-bar-1","image-bar-2"],"settings":{}},"footer":{"type":"footer","blocks":{"footer-0":{"type":"link_list","settings":{}},"footer-1":{"type":"newsletter","settings":{}}},"block_order":["footer-0","footer-1"],"settings":{"show_payment_icons":true}}},"content_for_index":["hero-1","feature-row","feature-columns","collection","hero-2","quotes","image-bar"]},"Light":{"color_text":"#162950","color_body_text":"#6d6d6d","color_sale_text":"#DA2F0C","color_borders":"#e4e4e4","color_button":"#DA2F0C","color_button_text":"#ffffff","color_small_button_text_border":"#162950","color_text_field":"#ffffff","color_text_field_text":"#162950","color_text_field_border":"#909090","color_image_overlay_text":"#ffffff","color_image_overlay":"#3d3d3d","image_overlay_opacity":40,"color_body_bg":"#f8f8f8","type_header_font":"muli_n6","type_header_base_size":26,"type_base_font":"muli_n4","type_base_size":18,"share_facebook":true,"share_twitter":true,"share_pinterest":true,"social_twitter_link":"","social_facebook_link":"","social_pinterest_link":"","social_instagram_link":"","social_tumblr_link":"","social_snapchat_link":"","social_youtube_link":"","social_vimeo_link":"","favicon":"","checkout_header_image":"","checkout_logo_image":"","checkout_logo_position":"left","checkout_logo_size":"small","checkout_body_background_image":"","checkout_body_background_color":"#ffffff","checkout_input_background_color_mode":"white","checkout_sidebar_background_image":"","checkout_sidebar_background_color":"#e8f3f6","checkout_heading_font":"Roboto","checkout_body_font":"Source Sans Pro","checkout_accent_color":"#1990c6","checkout_button_color":"#23314e","checkout_error_color":"#ff6d6d","sections":{"header":{"type":"header","settings":{"align_logo":"left","logo":"","logo_max_width":135,"main_linklist":"main-menu","message":true,"color_bg":"#162950","color_text":"#ffffff"}},"hero":{"type":"hero","settings":{"alignment":"center","hero_size":"x-large","text_size":"large"}},"slideshow":{"type":"slideshow","blocks":{"slideshow-0":{"type":"image","settings":{"image":"","alignment":"center center"}},"1492095993817":{"type":"image","settings":{"image":"","alignment":"center"}}},"block_order":["slideshow-0","1492095993817"],"settings":{"slideshow_height":"medium","text_size":"medium","autorotate":false,"autorotate_speed":5}},"featured-collections":{"type":"collection","settings":{"grid":3,"rows":1,"show_vendor":true,"show_view_all":true}},"product-template":{"type":"product-template","settings":{"show_quantity_selector":false,"show_vendor":false,"show_share_buttons":true,"media_size":"medium","enable_image_zoom":true,"enable_video_looping":false}},"collection-template":{"type":"collection-template","settings":{"layout":"grid","grid":2,"rows":2,"show_collection_image":true,"show_vendor":false,"sort_enable":true,"tags_enable":true}},"1492033809691":{"type":"map","settings":{}},"1492033877875":{"type":"quotes","blocks":{"1492033877875-0":{"type":"quote","settings":{}}},"block_order":["1492033877875-0"],"settings":{}},"1492033924902":{"type":"custom-content","blocks":{"1492033924902-0":{"type":"text","settings":{"width":"100%","alignment":"center","align_text":"center"}}},"block_order":["1492033924902-0"],"settings":{"title":""}},"1492096252560":{"type":"collection-list","blocks":{"1492096252560-0":{"type":"featured_collection","settings":{}},"1492096252560-1":{"type":"featured_collection","settings":{}},"1492096252560-2":{"type":"featured_collection","settings":{}}},"block_order":["1492096252560-0","1492096252560-1","1492096252560-2"],"settings":{"grid":3}},"blog-template":{"type":"blog-template","settings":{"layout":"grid","blog_show_author":true,"blog_show_date":false}},"article-template":{"type":"article-template","settings":{"blog_show_author":true,"blog_show_date":true,"show_share_buttons":true}},"cart-template":{"type":"cart-template","settings":{"cart_notes_enable":false}},"footer":{"type":"footer","blocks":{"link_list":{"type":"link_list","settings":{}},"text":{"type":"text","settings":{}},"newsletter":{"type":"newsletter","settings":{}}},"block_order":["link_list","text","newsletter"],"settings":{"color_footer_bg":"#f8f8f8","color_footer_text":"#6d6d6d"}}},"content_for_index":["hero","featured-collections","slideshow","1492033924902","1492096252560","1492033877875","1492033809691"]}}}