{
  "expired_at": 1660553900,
  "time_zone": "UTC",
  "data": {
    "paginate": {
      "total": 5,
      "per_page": "12",
      "current_page": 1,
      "last_page": 1,
      "data": [
        {
          "id": 7716020420841,
          "title": "Levante UD vs Athletic de Bilbao Experiences",
          "body_html": "<div style=\"text-align: left;\"><\/div><span data-mce-fragment=\"1\"><strong>-Official tickets<\/strong><br data-mce-fragment=\"1\"><strong>-Tickets together guaranteed<\/strong><br data-mce-fragment=\"1\">-Location: Ciudad de Valencia Stadium (Valencia)<\/span><br data-mce-fragment=\"1\"><span data-mce-fragment=\"1\">-Date: February 27<br data-mce-fragment=\"1\">-Competition: La Liga<\/span><br data-mce-fragment=\"1\"><span data-mce-fragment=\"1\">-Delivery: You will receive an email with  the host's details and he will contact you to arrange a meeting time. The host will also give you the tickets. <br><\/span> <br><p><span data-mce-fragment=\"1\">For more information contact us: <a href=\"mailto:sales@footballhost.com\" data-mce-fragment=\"1\" target=\"_blank\" rel=\"noopener noreferrer\">sales@24x7tickets.com<\/a> \/\/ (+34) 685 23 01 20<\/span><\/p>",
          "vendor": "tickets.footballhost",
          "product_type": "Tickets",
          "created_at": "2022-05-24T11:58:52+02:00",
          "handle": "levante-ud-vs-athletic-de-bilbao-la-liga-experiences",
          "updated_at": "2022-06-29T16:21:19+02:00",
          "published_at": "2022-05-24T11:58:58+02:00",
          "template_suffix": "",
          "status": "active",
          "published_scope": "web",
          "tags": "wk_global",
          "admin_graphql_api_id": "gid:\/\/shopify\/Product\/7716020420841",
          "variants": [
            {
              "id": 43114020110569,
              "product_id": 7716020420841,
              "title": "Category 2",
              "price": 250,
              "sku": null,
              "position": 1,
              "inventory_policy": "deny",
              "compare_at_price": 0,
              "fulfillment_service": "manual",
              "inventory_management": "shopify",
              "option1": "Category 2",
              "option2": null,
              "option3": null,
              "created_at": "2022-05-24T11:58:52+02:00",
              "updated_at": "2022-05-24T13:35:46+02:00",
              "taxable": true,
              "barcode": null,
              "grams": 0,
              "image_id": 37623692493033,
              "weight": 0,
              "weight_unit": "kg",
              "inventory_item_id": 45209313640681,
              "inventory_quantity": 100,
              "old_inventory_quantity": 100,
              "requires_shipping": false,
              "admin_graphql_api_id": "gid:\/\/shopify\/ProductVariant\/43114020110569",
              "percent_sale": 0
            },
            {
              "id": 43114020143337,
              "product_id": 7716020420841,
              "title": "Category 1",
              "price": 300,
              "sku": null,
              "position": 2,
              "inventory_policy": "deny",
              "compare_at_price": 0,
              "fulfillment_service": "manual",
              "inventory_management": "shopify",
              "option1": "Category 1",
              "option2": null,
              "option3": null,
              "created_at": "2022-05-24T11:58:52+02:00",
              "updated_at": "2022-05-24T13:35:46+02:00",
              "taxable": true,
              "barcode": null,
              "grams": 0,
              "image_id": 37623692525801,
              "weight": 0,
              "weight_unit": "kg",
              "inventory_item_id": 45209313673449,
              "inventory_quantity": 100,
              "old_inventory_quantity": 100,
              "requires_shipping": false,
              "admin_graphql_api_id": "gid:\/\/shopify\/ProductVariant\/43114020143337",
              "percent_sale": 0
            }
          ],
          "options": [
            {
              "id": 9803363975401,
              "product_id": 7716020420841,
              "name": "Category:",
              "position": 1,
              "values": [
                "Category 2",
                "Category 1"
              ],
              "label": "Category:",
              "key": "category:",
              "value": "Category:"
            }
          ],
          "images": [
            {
              "id": 37623692493033,
              "product_id": 7716020420841,
              "position": 1,
              "created_at": "2022-05-24T11:58:54+02:00",
              "updated_at": "2022-05-24T11:58:54+02:00",
              "alt": null,
              "width": 612,
              "height": 600,
              "src": "https:\/\/cdn.shopify.com\/s\/files\/1\/0601\/3855\/3577\/products\/levante_ciutat_valencia_mapa_cat2_f4f1ef91-b2e2-48a3-b149-94913d82bfbb.jpg?v=1653386334",
              "variant_ids": [
                43114020110569
              ],
              "admin_graphql_api_id": "gid:\/\/shopify\/ProductImage\/37623692493033"
            },
            {
              "id": 37623692525801,
              "product_id": 7716020420841,
              "position": 2,
              "created_at": "2022-05-24T11:58:54+02:00",
              "updated_at": "2022-05-24T11:58:54+02:00",
              "alt": null,
              "width": 612,
              "height": 600,
              "src": "https:\/\/cdn.shopify.com\/s\/files\/1\/0601\/3855\/3577\/products\/levante_ciutat_valencia_mapa_cat1_09444379-26f4-42f5-8d89-3bca11d430de.jpg?v=1653386334",
              "variant_ids": [
                43114020143337
              ],
              "admin_graphql_api_id": "gid:\/\/shopify\/ProductImage\/37623692525801"
            }
          ],
          "image": {
            "id": 37623692493033,
            "product_id": 7716020420841,
            "position": 1,
            "created_at": "2022-05-24T11:58:54+02:00",
            "updated_at": "2022-05-24T11:58:54+02:00",
            "alt": null,
            "width": 612,
            "height": 600,
            "src": "https:\/\/cdn.shopify.com\/s\/files\/1\/0601\/3855\/3577\/products\/levante_ciutat_valencia_mapa_cat2_f4f1ef91-b2e2-48a3-b149-94913d82bfbb.jpg?v=1653386334",
            "variant_ids": [
              43114020110569
            ],
            "admin_graphql_api_id": "gid:\/\/shopify\/ProductImage\/37623692493033"
          },
          "shop_id": "62d14708cde2092c0801f832",
          "ets_fs_type": "product",
          "order_best_selling": 9999999999,
          "collections": [
            {
              "ruleSet": null,
              "ets_fs_type": "collection",
              "description": "Team: The Levante Union Deportiva, better known as Levante, was founded on September 9, 1909. Players like Juan Puig, Antonio Calpe, Ernesto Domínguez, Sergio Ballesteros, Alberto Rivera, Juanfran García, Iñaki Descarga, Arouna Koné, Félix Ettien, Keylor Navas, Obafemi Martins, José Morales, Felipe Caicedo, Pedja Mijatovic or Johan Cruyff have worn the granota shirt throughout history.The best time of Levante was, without doubt, the 2011-2012 season when the team finished sixth in La Liga. This allowed him to play the Europa League in 2012-2013 season, a historic achievement for the club. Other key moments in Levante history were the 4 promotions to the first division (1996, 1999, 2004, 2017).The eternal rival of Levante is Valencia CF. The Valencia derby is surely the best football match we can see in the Ciutat de Valencia stadium, a match full of rivalry and history where tension is assured.Live the full experience with a host. Get your Levante football tickets and enjoy an unforgettable day in Valencia! Stadium: The Ciutat de Valencia Stadium is located in Valencia, Spain. The stadium has a capacity for more than 26.000 spectators. Get your Ciutat de Valencia tickets and live the best football!",
              "products_count": 7,
              "handle": "levante-ud-tickets-experiences",
              "title": "Levante UD Tickets & Experiences",
              "fs_collection_type": "custom_collection",
              "shop_id": "62d14708cde2092c0801f832",
              "admin_graphql_api_id": "gid:\/\/shopify\/Collection\/405200109801",
              "descriptionHtml": "<p> <\/p>\n<div style=\"text-align: left;\"><img src=\"https:\/\/cdn.shopify.com\/s\/files\/1\/0601\/3855\/3577\/files\/imagen_coleccion_1e525777-cbed-408f-b110-fe1bbb23244d_2048x2048.jpg?v=1653308257\" alt=\"\" style=\"float: none;\"><\/div>\n<p> <\/p>\n<h2 style=\"text-align: left;\">Team:<\/h2>\n<p style=\"text-align: left;\">The Levante Union Deportiva, better known as <strong data-mce-fragment=\"1\">Levante<\/strong>, was founded on September 9, 1909. Players like Juan Puig, Antonio Calpe, Ernesto Domínguez, Sergio Ballesteros, Alberto Rivera, Juanfran García, Iñaki Descarga, Arouna Koné, Félix Ettien, Keylor Navas, Obafemi Martins, José Morales, Felipe Caicedo, Pedja Mijatovic or <strong data-mce-fragment=\"1\">Johan Cruyff<\/strong> have worn the granota shirt throughout history.<br data-mce-fragment=\"1\"><br data-mce-fragment=\"1\">The best time of Levante was, without doubt,<strong data-mce-fragment=\"1\"> <\/strong>the 2011-2012 season when the team finished sixth in La Liga. This allowed him to play the <strong data-mce-fragment=\"1\">Europa League in 2012-2013<\/strong> season, a historic achievement for the club. Other key moments in Levante history were the 4 promotions to the first division (1996, 1999, 2004, 2017).<br data-mce-fragment=\"1\"><br data-mce-fragment=\"1\">The eternal rival of Levante is Valencia CF. The <strong data-mce-fragment=\"1\">Valencia derby<\/strong> is surely the best football match we can see in the Ciutat de Valencia stadium, a match full of rivalry and history where tension is assured.<br data-mce-fragment=\"1\"><br data-mce-fragment=\"1\">Live the full <strong>experience with a host<\/strong>. Get your <strong data-mce-fragment=\"1\">Levante football tickets<\/strong> and enjoy an unforgettable day in Valencia!<\/p>\n<h2 style=\"text-align: left;\">Stadium:<\/h2>\n<p style=\"text-align: left;\">The Ciutat de Valencia Stadium is located in Valencia, Spain. The stadium has a capacity for more than 26.000 spectators.<\/p>\n<p style=\"text-align: left;\">Get your <strong>Ciutat de Valencia tickets<\/strong> and live the best football!<\/p>",
              "id": "405200109801",
              "productsCount": 7,
              "total_products": 7,
              "updatedAt": "2022-07-11T14:48:17Z",
              "status": "active"
            },
            {
              "ruleSet": {
                "appliedDisjunctively": true
              },
              "ets_fs_type": "collection",
              "description": "",
              "products_count": 78,
              "handle": "ets-fs-best-selling-products",
              "title": "Best selling products (DO NOT DELETE)",
              "fs_collection_type": "smart_collection",
              "shop_id": "62d14708cde2092c0801f832",
              "admin_graphql_api_id": "gid:\/\/shopify\/Collection\/407725605097",
              "descriptionHtml": "",
              "id": "407725605097",
              "productsCount": 78,
              "total_products": 78,
              "updatedAt": "2022-07-15T12:10:48Z",
              "status": "active"
            }
          ]
        },
        {
          "id": 7788984729833,
          "title": "Levante UD vs Atlético Madrid Tickets",
          "body_html": "<p data-mce-fragment=\"1\"><span data-mce-fragment=\"1\"><strong data-mce-fragment=\"1\">-Official tickets<\/strong><br data-mce-fragment=\"1\"><strong data-mce-fragment=\"1\">-Tickets together guaranteed<\/strong><br data-mce-fragment=\"1\">-Location: Ciudad de Valencia Stadium (Valencia)<\/span><br data-mce-fragment=\"1\"><span data-mce-fragment=\"1\">-Date: November 11<br data-mce-fragment=\"1\">-Competition: La Liga<\/span><br data-mce-fragment=\"1\"><span data-mce-fragment=\"1\">-Delivery: e-tickets<\/span><br data-mce-fragment=\"1\"><\/p>\n<p data-mce-fragment=\"1\"><span data-mce-fragment=\"1\">For more information contact us: <a data-mce-fragment=\"1\" href=\"mailto:sales@footballhost.com\" target=\"_blank\" data-mce-href=\"mailto:sales@footballhost.com\">sales@24x7tickets.com<\/a> \/\/ (+34) 685 23 01 20<\/span><\/p>",
          "vendor": "tickets.footballhost.com",
          "product_type": "",
          "created_at": "2022-07-11T15:43:43+02:00",
          "handle": "levante-ud-vs-atletico-madrid-tickets",
          "updated_at": "2022-07-11T15:44:56+02:00",
          "published_at": "2022-07-11T15:44:10+02:00",
          "template_suffix": "",
          "status": "active",
          "published_scope": "web",
          "tags": "Tickets, wk_global",
          "admin_graphql_api_id": "gid:\/\/shopify\/Product\/7788984729833",
          "variants": [
            {
              "id": 43364635771113,
              "product_id": 7788984729833,
              "title": "Category 2",
              "price": 40,
              "sku": "20221109LEV04",
              "position": 1,
              "inventory_policy": "deny",
              "compare_at_price": 0,
              "fulfillment_service": "manual",
              "inventory_management": "shopify",
              "option1": "Category 2",
              "option2": null,
              "option3": null,
              "created_at": "2022-07-11T15:43:43+02:00",
              "updated_at": "2022-07-11T15:43:45+02:00",
              "taxable": true,
              "barcode": null,
              "grams": 0,
              "image_id": 38075101937897,
              "weight": 0,
              "weight_unit": "kg",
              "inventory_item_id": 45460196983017,
              "inventory_quantity": 100,
              "old_inventory_quantity": 100,
              "requires_shipping": false,
              "admin_graphql_api_id": "gid:\/\/shopify\/ProductVariant\/43364635771113",
              "percent_sale": 0
            },
            {
              "id": 43364635803881,
              "product_id": 7788984729833,
              "title": "Category 1",
              "price": 60,
              "sku": "20221109LEV02",
              "position": 2,
              "inventory_policy": "deny",
              "compare_at_price": 0,
              "fulfillment_service": "manual",
              "inventory_management": "shopify",
              "option1": "Category 1",
              "option2": null,
              "option3": null,
              "created_at": "2022-07-11T15:43:43+02:00",
              "updated_at": "2022-07-11T15:43:45+02:00",
              "taxable": true,
              "barcode": null,
              "grams": 0,
              "image_id": 38075101970665,
              "weight": 0,
              "weight_unit": "kg",
              "inventory_item_id": 45460197015785,
              "inventory_quantity": 100,
              "old_inventory_quantity": 100,
              "requires_shipping": false,
              "admin_graphql_api_id": "gid:\/\/shopify\/ProductVariant\/43364635803881",
              "percent_sale": 0
            }
          ],
          "options": [
            {
              "id": 9892310417641,
              "product_id": 7788984729833,
              "name": "Category",
              "position": 1,
              "values": [
                "Category 2",
                "Category 1"
              ],
              "label": "Category",
              "key": "category",
              "value": "Category"
            }
          ],
          "images": [
            {
              "id": 38075101937897,
              "product_id": 7788984729833,
              "position": 1,
              "created_at": "2022-07-11T15:43:45+02:00",
              "updated_at": "2022-07-11T15:43:45+02:00",
              "alt": null,
              "width": 612,
              "height": 600,
              "src": "https:\/\/cdn.shopify.com\/s\/files\/1\/0601\/3855\/3577\/products\/levante_ciutat_valencia_mapa_cat2_b0425b02-f83f-4f39-a04e-a61e3c2c5bd3.jpg?v=1657547025",
              "variant_ids": [
                43364635771113
              ],
              "admin_graphql_api_id": "gid:\/\/shopify\/ProductImage\/38075101937897"
            },
            {
              "id": 38075101970665,
              "product_id": 7788984729833,
              "position": 2,
              "created_at": "2022-07-11T15:43:45+02:00",
              "updated_at": "2022-07-11T15:43:45+02:00",
              "alt": null,
              "width": 612,
              "height": 600,
              "src": "https:\/\/cdn.shopify.com\/s\/files\/1\/0601\/3855\/3577\/products\/levante_ciutat_valencia_mapa_cat1_45f1112e-8aef-4760-b386-5db9be4d9f3e.jpg?v=1657547025",
              "variant_ids": [
                43364635803881
              ],
              "admin_graphql_api_id": "gid:\/\/shopify\/ProductImage\/38075101970665"
            }
          ],
          "image": {
            "id": 38075101937897,
            "product_id": 7788984729833,
            "position": 1,
            "created_at": "2022-07-11T15:43:45+02:00",
            "updated_at": "2022-07-11T15:43:45+02:00",
            "alt": null,
            "width": 612,
            "height": 600,
            "src": "https:\/\/cdn.shopify.com\/s\/files\/1\/0601\/3855\/3577\/products\/levante_ciutat_valencia_mapa_cat2_b0425b02-f83f-4f39-a04e-a61e3c2c5bd3.jpg?v=1657547025",
            "variant_ids": [
              43364635771113
            ],
            "admin_graphql_api_id": "gid:\/\/shopify\/ProductImage\/38075101937897"
          },
          "shop_id": "62d14708cde2092c0801f832",
          "ets_fs_type": "product",
          "order_best_selling": 9999999999,
          "collections": [
            {
              "ruleSet": null,
              "ets_fs_type": "collection",
              "description": "Team: The Levante Union Deportiva, better known as Levante, was founded on September 9, 1909. Players like Juan Puig, Antonio Calpe, Ernesto Domínguez, Sergio Ballesteros, Alberto Rivera, Juanfran García, Iñaki Descarga, Arouna Koné, Félix Ettien, Keylor Navas, Obafemi Martins, José Morales, Felipe Caicedo, Pedja Mijatovic or Johan Cruyff have worn the granota shirt throughout history.The best time of Levante was, without doubt, the 2011-2012 season when the team finished sixth in La Liga. This allowed him to play the Europa League in 2012-2013 season, a historic achievement for the club. Other key moments in Levante history were the 4 promotions to the first division (1996, 1999, 2004, 2017).The eternal rival of Levante is Valencia CF. The Valencia derby is surely the best football match we can see in the Ciutat de Valencia stadium, a match full of rivalry and history where tension is assured.Live the full experience with a host. Get your Levante football tickets and enjoy an unforgettable day in Valencia! Stadium: The Ciutat de Valencia Stadium is located in Valencia, Spain. The stadium has a capacity for more than 26.000 spectators. Get your Ciutat de Valencia tickets and live the best football!",
              "products_count": 7,
              "handle": "levante-ud-tickets-experiences",
              "title": "Levante UD Tickets & Experiences",
              "fs_collection_type": "custom_collection",
              "shop_id": "62d14708cde2092c0801f832",
              "admin_graphql_api_id": "gid:\/\/shopify\/Collection\/405200109801",
              "descriptionHtml": "<p> <\/p>\n<div style=\"text-align: left;\"><img src=\"https:\/\/cdn.shopify.com\/s\/files\/1\/0601\/3855\/3577\/files\/imagen_coleccion_1e525777-cbed-408f-b110-fe1bbb23244d_2048x2048.jpg?v=1653308257\" alt=\"\" style=\"float: none;\"><\/div>\n<p> <\/p>\n<h2 style=\"text-align: left;\">Team:<\/h2>\n<p style=\"text-align: left;\">The Levante Union Deportiva, better known as <strong data-mce-fragment=\"1\">Levante<\/strong>, was founded on September 9, 1909. Players like Juan Puig, Antonio Calpe, Ernesto Domínguez, Sergio Ballesteros, Alberto Rivera, Juanfran García, Iñaki Descarga, Arouna Koné, Félix Ettien, Keylor Navas, Obafemi Martins, José Morales, Felipe Caicedo, Pedja Mijatovic or <strong data-mce-fragment=\"1\">Johan Cruyff<\/strong> have worn the granota shirt throughout history.<br data-mce-fragment=\"1\"><br data-mce-fragment=\"1\">The best time of Levante was, without doubt,<strong data-mce-fragment=\"1\"> <\/strong>the 2011-2012 season when the team finished sixth in La Liga. This allowed him to play the <strong data-mce-fragment=\"1\">Europa League in 2012-2013<\/strong> season, a historic achievement for the club. Other key moments in Levante history were the 4 promotions to the first division (1996, 1999, 2004, 2017).<br data-mce-fragment=\"1\"><br data-mce-fragment=\"1\">The eternal rival of Levante is Valencia CF. The <strong data-mce-fragment=\"1\">Valencia derby<\/strong> is surely the best football match we can see in the Ciutat de Valencia stadium, a match full of rivalry and history where tension is assured.<br data-mce-fragment=\"1\"><br data-mce-fragment=\"1\">Live the full <strong>experience with a host<\/strong>. Get your <strong data-mce-fragment=\"1\">Levante football tickets<\/strong> and enjoy an unforgettable day in Valencia!<\/p>\n<h2 style=\"text-align: left;\">Stadium:<\/h2>\n<p style=\"text-align: left;\">The Ciutat de Valencia Stadium is located in Valencia, Spain. The stadium has a capacity for more than 26.000 spectators.<\/p>\n<p style=\"text-align: left;\">Get your <strong>Ciutat de Valencia tickets<\/strong> and live the best football!<\/p>",
              "id": "405200109801",
              "productsCount": 7,
              "total_products": 7,
              "updatedAt": "2022-07-11T14:48:17Z",
              "status": "active"
            },
            {
              "ruleSet": {
                "appliedDisjunctively": true
              },
              "ets_fs_type": "collection",
              "description": "",
              "products_count": 78,
              "handle": "ets-fs-best-selling-products",
              "title": "Best selling products (DO NOT DELETE)",
              "fs_collection_type": "smart_collection",
              "shop_id": "62d14708cde2092c0801f832",
              "admin_graphql_api_id": "gid:\/\/shopify\/Collection\/407725605097",
              "descriptionHtml": "",
              "id": "407725605097",
              "productsCount": 78,
              "total_products": 78,
              "updatedAt": "2022-07-15T12:10:48Z",
              "status": "active"
            }
          ]
        },
        {
          "id": 7716021993705,
          "title": "Levante UD vs Getafe CF Experiences",
          "body_html": "<div style=\"text-align: left;\"><\/div><p><span data-mce-fragment=\"1\"><strong>-Official tickets<\/strong><br data-mce-fragment=\"1\"><strong>-Tickets together guaranteed<\/strong><br data-mce-fragment=\"1\">-Location: Ciudad de Valencia Stadium (Valencia)<\/span><br data-mce-fragment=\"1\"><span data-mce-fragment=\"1\">-Date: March 20<br data-mce-fragment=\"1\">-Competition: La Liga<\/span><br data-mce-fragment=\"1\">-Delivery: You will receive an email with  the host's details and he will contact you to arrange a meeting time. The host will also give you the tickets. <br> <\/p><p><span data-mce-fragment=\"1\">For more information contact us: <a href=\"mailto:sales@footballhost.com\" data-mce-fragment=\"1\" target=\"_blank\" rel=\"noopener noreferrer\">sales@24x7tickets.com<\/a> \/\/ (+34) 685 23 01 20<\/span><\/p>",
          "vendor": "tickets.footballhost",
          "product_type": "Tickets",
          "created_at": "2022-05-24T12:01:04+02:00",
          "handle": "levante-ud-vs-getafe-cf-la-liga-experiences",
          "updated_at": "2022-06-29T16:21:24+02:00",
          "published_at": "2022-05-24T12:02:15+02:00",
          "template_suffix": "",
          "status": "active",
          "published_scope": "web",
          "tags": "wk_global",
          "admin_graphql_api_id": "gid:\/\/shopify\/Product\/7716021993705",
          "variants": [
            {
              "id": 43114025025769,
              "product_id": 7716021993705,
              "title": "Category 2",
              "price": 150,
              "sku": null,
              "position": 1,
              "inventory_policy": "deny",
              "compare_at_price": 0,
              "fulfillment_service": "manual",
              "inventory_management": "shopify",
              "option1": "Category 2",
              "option2": null,
              "option3": null,
              "created_at": "2022-05-24T12:01:04+02:00",
              "updated_at": "2022-05-24T13:35:23+02:00",
              "taxable": true,
              "barcode": null,
              "grams": 0,
              "image_id": 37623703699689,
              "weight": 0,
              "weight_unit": "kg",
              "inventory_item_id": 45209318555881,
              "inventory_quantity": 100,
              "old_inventory_quantity": 100,
              "requires_shipping": false,
              "admin_graphql_api_id": "gid:\/\/shopify\/ProductVariant\/43114025025769",
              "percent_sale": 0
            },
            {
              "id": 43114025058537,
              "product_id": 7716021993705,
              "title": "Category 1",
              "price": 200,
              "sku": null,
              "position": 2,
              "inventory_policy": "deny",
              "compare_at_price": 0,
              "fulfillment_service": "manual",
              "inventory_management": "shopify",
              "option1": "Category 1",
              "option2": null,
              "option3": null,
              "created_at": "2022-05-24T12:01:04+02:00",
              "updated_at": "2022-05-24T13:35:23+02:00",
              "taxable": true,
              "barcode": null,
              "grams": 0,
              "image_id": 37623703732457,
              "weight": 0,
              "weight_unit": "kg",
              "inventory_item_id": 45209318588649,
              "inventory_quantity": 100,
              "old_inventory_quantity": 100,
              "requires_shipping": false,
              "admin_graphql_api_id": "gid:\/\/shopify\/ProductVariant\/43114025058537",
              "percent_sale": 0
            }
          ],
          "options": [
            {
              "id": 9803365941481,
              "product_id": 7716021993705,
              "name": "Category:",
              "position": 1,
              "values": [
                "Category 2",
                "Category 1"
              ],
              "label": "Category:",
              "key": "category:",
              "value": "Category:"
            }
          ],
          "images": [
            {
              "id": 37623703699689,
              "product_id": 7716021993705,
              "position": 1,
              "created_at": "2022-05-24T12:01:06+02:00",
              "updated_at": "2022-05-24T12:01:06+02:00",
              "alt": null,
              "width": 612,
              "height": 600,
              "src": "https:\/\/cdn.shopify.com\/s\/files\/1\/0601\/3855\/3577\/products\/levante_ciutat_valencia_mapa_cat2_6fbee421-3315-4290-984d-05a6e32d3e7b.jpg?v=1653386466",
              "variant_ids": [
                43114025025769
              ],
              "admin_graphql_api_id": "gid:\/\/shopify\/ProductImage\/37623703699689"
            },
            {
              "id": 37623703732457,
              "product_id": 7716021993705,
              "position": 2,
              "created_at": "2022-05-24T12:01:06+02:00",
              "updated_at": "2022-05-24T12:01:06+02:00",
              "alt": null,
              "width": 612,
              "height": 600,
              "src": "https:\/\/cdn.shopify.com\/s\/files\/1\/0601\/3855\/3577\/products\/levante_ciutat_valencia_mapa_cat1_3c23921b-73af-4330-9166-44b9626097e2.jpg?v=1653386466",
              "variant_ids": [
                43114025058537
              ],
              "admin_graphql_api_id": "gid:\/\/shopify\/ProductImage\/37623703732457"
            }
          ],
          "image": {
            "id": 37623703699689,
            "product_id": 7716021993705,
            "position": 1,
            "created_at": "2022-05-24T12:01:06+02:00",
            "updated_at": "2022-05-24T12:01:06+02:00",
            "alt": null,
            "width": 612,
            "height": 600,
            "src": "https:\/\/cdn.shopify.com\/s\/files\/1\/0601\/3855\/3577\/products\/levante_ciutat_valencia_mapa_cat2_6fbee421-3315-4290-984d-05a6e32d3e7b.jpg?v=1653386466",
            "variant_ids": [
              43114025025769
            ],
            "admin_graphql_api_id": "gid:\/\/shopify\/ProductImage\/37623703699689"
          },
          "shop_id": "62d14708cde2092c0801f832",
          "ets_fs_type": "product",
          "order_best_selling": 9999999999,
          "collections": [
            {
              "ruleSet": null,
              "ets_fs_type": "collection",
              "description": "Team: The Levante Union Deportiva, better known as Levante, was founded on September 9, 1909. Players like Juan Puig, Antonio Calpe, Ernesto Domínguez, Sergio Ballesteros, Alberto Rivera, Juanfran García, Iñaki Descarga, Arouna Koné, Félix Ettien, Keylor Navas, Obafemi Martins, José Morales, Felipe Caicedo, Pedja Mijatovic or Johan Cruyff have worn the granota shirt throughout history.The best time of Levante was, without doubt, the 2011-2012 season when the team finished sixth in La Liga. This allowed him to play the Europa League in 2012-2013 season, a historic achievement for the club. Other key moments in Levante history were the 4 promotions to the first division (1996, 1999, 2004, 2017).The eternal rival of Levante is Valencia CF. The Valencia derby is surely the best football match we can see in the Ciutat de Valencia stadium, a match full of rivalry and history where tension is assured.Live the full experience with a host. Get your Levante football tickets and enjoy an unforgettable day in Valencia! Stadium: The Ciutat de Valencia Stadium is located in Valencia, Spain. The stadium has a capacity for more than 26.000 spectators. Get your Ciutat de Valencia tickets and live the best football!",
              "products_count": 7,
              "handle": "levante-ud-tickets-experiences",
              "title": "Levante UD Tickets & Experiences",
              "fs_collection_type": "custom_collection",
              "shop_id": "62d14708cde2092c0801f832",
              "admin_graphql_api_id": "gid:\/\/shopify\/Collection\/405200109801",
              "descriptionHtml": "<p> <\/p>\n<div style=\"text-align: left;\"><img src=\"https:\/\/cdn.shopify.com\/s\/files\/1\/0601\/3855\/3577\/files\/imagen_coleccion_1e525777-cbed-408f-b110-fe1bbb23244d_2048x2048.jpg?v=1653308257\" alt=\"\" style=\"float: none;\"><\/div>\n<p> <\/p>\n<h2 style=\"text-align: left;\">Team:<\/h2>\n<p style=\"text-align: left;\">The Levante Union Deportiva, better known as <strong data-mce-fragment=\"1\">Levante<\/strong>, was founded on September 9, 1909. Players like Juan Puig, Antonio Calpe, Ernesto Domínguez, Sergio Ballesteros, Alberto Rivera, Juanfran García, Iñaki Descarga, Arouna Koné, Félix Ettien, Keylor Navas, Obafemi Martins, José Morales, Felipe Caicedo, Pedja Mijatovic or <strong data-mce-fragment=\"1\">Johan Cruyff<\/strong> have worn the granota shirt throughout history.<br data-mce-fragment=\"1\"><br data-mce-fragment=\"1\">The best time of Levante was, without doubt,<strong data-mce-fragment=\"1\"> <\/strong>the 2011-2012 season when the team finished sixth in La Liga. This allowed him to play the <strong data-mce-fragment=\"1\">Europa League in 2012-2013<\/strong> season, a historic achievement for the club. Other key moments in Levante history were the 4 promotions to the first division (1996, 1999, 2004, 2017).<br data-mce-fragment=\"1\"><br data-mce-fragment=\"1\">The eternal rival of Levante is Valencia CF. The <strong data-mce-fragment=\"1\">Valencia derby<\/strong> is surely the best football match we can see in the Ciutat de Valencia stadium, a match full of rivalry and history where tension is assured.<br data-mce-fragment=\"1\"><br data-mce-fragment=\"1\">Live the full <strong>experience with a host<\/strong>. Get your <strong data-mce-fragment=\"1\">Levante football tickets<\/strong> and enjoy an unforgettable day in Valencia!<\/p>\n<h2 style=\"text-align: left;\">Stadium:<\/h2>\n<p style=\"text-align: left;\">The Ciutat de Valencia Stadium is located in Valencia, Spain. The stadium has a capacity for more than 26.000 spectators.<\/p>\n<p style=\"text-align: left;\">Get your <strong>Ciutat de Valencia tickets<\/strong> and live the best football!<\/p>",
              "id": "405200109801",
              "productsCount": 7,
              "total_products": 7,
              "updatedAt": "2022-07-11T14:48:17Z",
              "status": "active"
            },
            {
              "ruleSet": {
                "appliedDisjunctively": true
              },
              "ets_fs_type": "collection",
              "description": "",
              "products_count": 78,
              "handle": "ets-fs-best-selling-products",
              "title": "Best selling products (DO NOT DELETE)",
              "fs_collection_type": "smart_collection",
              "shop_id": "62d14708cde2092c0801f832",
              "admin_graphql_api_id": "gid:\/\/shopify\/Collection\/407725605097",
              "descriptionHtml": "",
              "id": "407725605097",
              "productsCount": 78,
              "total_products": 78,
              "updatedAt": "2022-07-15T12:10:48Z",
              "status": "active"
            }
          ]
        },
        {
          "id": 7789036830953,
          "title": "Levante UD vs Rayo Vallecano Tickets",
          "body_html": "<p data-mce-fragment=\"1\"><span data-mce-fragment=\"1\"><strong data-mce-fragment=\"1\">-Official tickets<\/strong><br data-mce-fragment=\"1\"><strong data-mce-fragment=\"1\">-Tickets together guaranteed<\/strong><br data-mce-fragment=\"1\">-Location: Ciudad de Valencia Stadium (Valencia)<\/span><br data-mce-fragment=\"1\"><span data-mce-fragment=\"1\">-Date: November 19<br data-mce-fragment=\"1\">-Competition: La Liga<\/span><br data-mce-fragment=\"1\"><span data-mce-fragment=\"1\">-Delivery: e-tickets<\/span><br data-mce-fragment=\"1\"><\/p>\n<p data-mce-fragment=\"1\"><span data-mce-fragment=\"1\">For more information contact us: <a data-mce-fragment=\"1\" href=\"mailto:sales@footballhost.com\" target=\"_blank\" data-mce-href=\"mailto:sales@footballhost.com\">sales@24x7tickets.com<\/a> \/\/ (+34) 685 23 01 20<\/span><\/p>",
          "vendor": "Genís",
          "product_type": "",
          "created_at": "2022-07-11T16:47:14+02:00",
          "handle": "levante-ud-vs-rayo-vallecano-tickets",
          "updated_at": "2022-07-11T16:48:36+02:00",
          "published_at": "2022-07-11T16:47:19+02:00",
          "template_suffix": "",
          "status": "active",
          "published_scope": "web",
          "tags": "Tickets",
          "admin_graphql_api_id": "gid:\/\/shopify\/Product\/7789036830953",
          "variants": [
            {
              "id": 43364886544617,
              "product_id": 7789036830953,
              "title": "Category 2",
              "price": 1,
              "sku": "20221109LEV04",
              "position": 1,
              "inventory_policy": "deny",
              "compare_at_price": 0,
              "fulfillment_service": "manual",
              "inventory_management": "shopify",
              "option1": "Category 2",
              "option2": null,
              "option3": null,
              "created_at": "2022-07-11T16:47:14+02:00",
              "updated_at": "2022-07-11T16:47:46+02:00",
              "taxable": true,
              "barcode": null,
              "grams": 0,
              "image_id": 38075617444073,
              "weight": 0,
              "weight_unit": "kg",
              "inventory_item_id": 45460447756521,
              "inventory_quantity": 100,
              "old_inventory_quantity": 100,
              "requires_shipping": false,
              "admin_graphql_api_id": "gid:\/\/shopify\/ProductVariant\/43364886544617",
              "percent_sale": 0
            },
            {
              "id": 43364886577385,
              "product_id": 7789036830953,
              "title": "Category 1",
              "price": 2,
              "sku": "20221109LEV02",
              "position": 2,
              "inventory_policy": "deny",
              "compare_at_price": 0,
              "fulfillment_service": "manual",
              "inventory_management": "shopify",
              "option1": "Category 1",
              "option2": null,
              "option3": null,
              "created_at": "2022-07-11T16:47:14+02:00",
              "updated_at": "2022-07-11T16:47:46+02:00",
              "taxable": true,
              "barcode": null,
              "grams": 0,
              "image_id": 38075617575145,
              "weight": 0,
              "weight_unit": "kg",
              "inventory_item_id": 45460447789289,
              "inventory_quantity": 100,
              "old_inventory_quantity": 100,
              "requires_shipping": false,
              "admin_graphql_api_id": "gid:\/\/shopify\/ProductVariant\/43364886577385",
              "percent_sale": 0
            }
          ],
          "options": [
            {
              "id": 9892382015721,
              "product_id": 7789036830953,
              "name": "Category",
              "position": 1,
              "values": [
                "Category 2",
                "Category 1"
              ],
              "label": "Category",
              "key": "category",
              "value": "Category"
            }
          ],
          "images": [
            {
              "id": 38075617444073,
              "product_id": 7789036830953,
              "position": 1,
              "created_at": "2022-07-11T16:47:17+02:00",
              "updated_at": "2022-07-11T16:47:17+02:00",
              "alt": null,
              "width": 612,
              "height": 600,
              "src": "https:\/\/cdn.shopify.com\/s\/files\/1\/0601\/3855\/3577\/products\/levante_ciutat_valencia_mapa_cat2_c6c86e06-bce8-41bd-962a-11af5fc98382.jpg?v=1657550837",
              "variant_ids": [
                43364886544617
              ],
              "admin_graphql_api_id": "gid:\/\/shopify\/ProductImage\/38075617444073"
            },
            {
              "id": 38075617575145,
              "product_id": 7789036830953,
              "position": 2,
              "created_at": "2022-07-11T16:47:18+02:00",
              "updated_at": "2022-07-11T16:47:18+02:00",
              "alt": null,
              "width": 612,
              "height": 600,
              "src": "https:\/\/cdn.shopify.com\/s\/files\/1\/0601\/3855\/3577\/products\/levante_ciutat_valencia_mapa_cat1_06685baa-e018-4f14-80e5-302f5cfb0867.jpg?v=1657550838",
              "variant_ids": [
                43364886577385
              ],
              "admin_graphql_api_id": "gid:\/\/shopify\/ProductImage\/38075617575145"
            }
          ],
          "image": {
            "id": 38075617444073,
            "product_id": 7789036830953,
            "position": 1,
            "created_at": "2022-07-11T16:47:17+02:00",
            "updated_at": "2022-07-11T16:47:17+02:00",
            "alt": null,
            "width": 612,
            "height": 600,
            "src": "https:\/\/cdn.shopify.com\/s\/files\/1\/0601\/3855\/3577\/products\/levante_ciutat_valencia_mapa_cat2_c6c86e06-bce8-41bd-962a-11af5fc98382.jpg?v=1657550837",
            "variant_ids": [
              43364886544617
            ],
            "admin_graphql_api_id": "gid:\/\/shopify\/ProductImage\/38075617444073"
          },
          "shop_id": "62d14708cde2092c0801f832",
          "ets_fs_type": "product",
          "order_best_selling": 9999999999,
          "collections": [
            {
              "ruleSet": null,
              "ets_fs_type": "collection",
              "description": "Team: The Levante Union Deportiva, better known as Levante, was founded on September 9, 1909. Players like Juan Puig, Antonio Calpe, Ernesto Domínguez, Sergio Ballesteros, Alberto Rivera, Juanfran García, Iñaki Descarga, Arouna Koné, Félix Ettien, Keylor Navas, Obafemi Martins, José Morales, Felipe Caicedo, Pedja Mijatovic or Johan Cruyff have worn the granota shirt throughout history.The best time of Levante was, without doubt, the 2011-2012 season when the team finished sixth in La Liga. This allowed him to play the Europa League in 2012-2013 season, a historic achievement for the club. Other key moments in Levante history were the 4 promotions to the first division (1996, 1999, 2004, 2017).The eternal rival of Levante is Valencia CF. The Valencia derby is surely the best football match we can see in the Ciutat de Valencia stadium, a match full of rivalry and history where tension is assured.Live the full experience with a host. Get your Levante football tickets and enjoy an unforgettable day in Valencia! Stadium: The Ciutat de Valencia Stadium is located in Valencia, Spain. The stadium has a capacity for more than 26.000 spectators. Get your Ciutat de Valencia tickets and live the best football!",
              "products_count": 7,
              "handle": "levante-ud-tickets-experiences",
              "title": "Levante UD Tickets & Experiences",
              "fs_collection_type": "custom_collection",
              "shop_id": "62d14708cde2092c0801f832",
              "admin_graphql_api_id": "gid:\/\/shopify\/Collection\/405200109801",
              "descriptionHtml": "<p> <\/p>\n<div style=\"text-align: left;\"><img src=\"https:\/\/cdn.shopify.com\/s\/files\/1\/0601\/3855\/3577\/files\/imagen_coleccion_1e525777-cbed-408f-b110-fe1bbb23244d_2048x2048.jpg?v=1653308257\" alt=\"\" style=\"float: none;\"><\/div>\n<p> <\/p>\n<h2 style=\"text-align: left;\">Team:<\/h2>\n<p style=\"text-align: left;\">The Levante Union Deportiva, better known as <strong data-mce-fragment=\"1\">Levante<\/strong>, was founded on September 9, 1909. Players like Juan Puig, Antonio Calpe, Ernesto Domínguez, Sergio Ballesteros, Alberto Rivera, Juanfran García, Iñaki Descarga, Arouna Koné, Félix Ettien, Keylor Navas, Obafemi Martins, José Morales, Felipe Caicedo, Pedja Mijatovic or <strong data-mce-fragment=\"1\">Johan Cruyff<\/strong> have worn the granota shirt throughout history.<br data-mce-fragment=\"1\"><br data-mce-fragment=\"1\">The best time of Levante was, without doubt,<strong data-mce-fragment=\"1\"> <\/strong>the 2011-2012 season when the team finished sixth in La Liga. This allowed him to play the <strong data-mce-fragment=\"1\">Europa League in 2012-2013<\/strong> season, a historic achievement for the club. Other key moments in Levante history were the 4 promotions to the first division (1996, 1999, 2004, 2017).<br data-mce-fragment=\"1\"><br data-mce-fragment=\"1\">The eternal rival of Levante is Valencia CF. The <strong data-mce-fragment=\"1\">Valencia derby<\/strong> is surely the best football match we can see in the Ciutat de Valencia stadium, a match full of rivalry and history where tension is assured.<br data-mce-fragment=\"1\"><br data-mce-fragment=\"1\">Live the full <strong>experience with a host<\/strong>. Get your <strong data-mce-fragment=\"1\">Levante football tickets<\/strong> and enjoy an unforgettable day in Valencia!<\/p>\n<h2 style=\"text-align: left;\">Stadium:<\/h2>\n<p style=\"text-align: left;\">The Ciutat de Valencia Stadium is located in Valencia, Spain. The stadium has a capacity for more than 26.000 spectators.<\/p>\n<p style=\"text-align: left;\">Get your <strong>Ciutat de Valencia tickets<\/strong> and live the best football!<\/p>",
              "id": "405200109801",
              "productsCount": 7,
              "total_products": 7,
              "updatedAt": "2022-07-11T14:48:17Z",
              "status": "active"
            },
            {
              "ruleSet": {
                "appliedDisjunctively": true
              },
              "ets_fs_type": "collection",
              "description": "",
              "products_count": 78,
              "handle": "ets-fs-best-selling-products",
              "title": "Best selling products (DO NOT DELETE)",
              "fs_collection_type": "smart_collection",
              "shop_id": "62d14708cde2092c0801f832",
              "admin_graphql_api_id": "gid:\/\/shopify\/Collection\/407725605097",
              "descriptionHtml": "",
              "id": "407725605097",
              "productsCount": 78,
              "total_products": 78,
              "updatedAt": "2022-07-15T12:10:48Z",
              "status": "active"
            }
          ]
        },
        {
          "id": 7750771802345,
          "title": "Levante UD vs RCD Espanyol Tickets",
          "body_html": "<p data-mce-fragment=\"1\"><span data-mce-fragment=\"1\"><strong data-mce-fragment=\"1\">-Official tickets<\/strong><br data-mce-fragment=\"1\"><strong data-mce-fragment=\"1\">-Tickets together guaranteed<\/strong><br data-mce-fragment=\"1\">-Location: Ciudad de Valencia Stadium (Valencia)<\/span><br data-mce-fragment=\"1\"><span data-mce-fragment=\"1\">-Date: November 5<br data-mce-fragment=\"1\">-Competition: La Liga<\/span><br data-mce-fragment=\"1\"><span data-mce-fragment=\"1\">-Delivery: e-tickets<\/span><br data-mce-fragment=\"1\"><\/p>\n<p data-mce-fragment=\"1\"><span data-mce-fragment=\"1\">For more information contact us: <a data-mce-fragment=\"1\" href=\"mailto:sales@footballhost.com\" target=\"_blank\" data-mce-href=\"mailto:sales@footballhost.com\">sales@24x7tickets.com<\/a> \/\/ (+34) 685 23 01 20<\/span><\/p>",
          "vendor": "tickets.footballhost.com",
          "product_type": "",
          "created_at": "2022-06-14T09:51:29+02:00",
          "handle": "levante-ud-vs-rcd-espanyol-tickets",
          "updated_at": "2022-07-11T15:43:26+02:00",
          "published_at": "2022-06-14T09:51:30+02:00",
          "template_suffix": "",
          "status": "active",
          "published_scope": "web",
          "tags": "Tickets",
          "admin_graphql_api_id": "gid:\/\/shopify\/Product\/7750771802345",
          "variants": [
            {
              "id": 43227256062185,
              "product_id": 7750771802345,
              "title": "Category 2",
              "price": 40,
              "sku": "20221109LEV04",
              "position": 1,
              "inventory_policy": "deny",
              "compare_at_price": 0,
              "fulfillment_service": "manual",
              "inventory_management": "shopify",
              "option1": "Category 2",
              "option2": null,
              "option3": null,
              "created_at": "2022-06-14T09:51:29+02:00",
              "updated_at": "2022-07-11T15:39:27+02:00",
              "taxable": true,
              "barcode": "",
              "grams": 0,
              "image_id": 37824307626217,
              "weight": 0,
              "weight_unit": "kg",
              "inventory_item_id": 45322669752553,
              "inventory_quantity": 100,
              "old_inventory_quantity": 100,
              "requires_shipping": false,
              "admin_graphql_api_id": "gid:\/\/shopify\/ProductVariant\/43227256062185",
              "percent_sale": 0
            },
            {
              "id": 43227256094953,
              "product_id": 7750771802345,
              "title": "Category 1",
              "price": 60,
              "sku": "20221109LEV02",
              "position": 2,
              "inventory_policy": "deny",
              "compare_at_price": 0,
              "fulfillment_service": "manual",
              "inventory_management": "shopify",
              "option1": "Category 1",
              "option2": null,
              "option3": null,
              "created_at": "2022-06-14T09:51:29+02:00",
              "updated_at": "2022-07-11T15:39:27+02:00",
              "taxable": true,
              "barcode": "",
              "grams": 0,
              "image_id": 37824308019433,
              "weight": 0,
              "weight_unit": "kg",
              "inventory_item_id": 45322669785321,
              "inventory_quantity": 100,
              "old_inventory_quantity": 100,
              "requires_shipping": false,
              "admin_graphql_api_id": "gid:\/\/shopify\/ProductVariant\/43227256094953",
              "percent_sale": 0
            }
          ],
          "options": [
            {
              "id": 9846353821929,
              "product_id": 7750771802345,
              "name": "Category",
              "position": 1,
              "values": [
                "Category 2",
                "Category 1"
              ],
              "label": "Category",
              "key": "category",
              "value": "Category"
            }
          ],
          "images": [
            {
              "id": 37824307626217,
              "product_id": 7750771802345,
              "position": 1,
              "created_at": "2022-06-14T09:51:30+02:00",
              "updated_at": "2022-06-14T13:52:49+02:00",
              "alt": null,
              "width": 612,
              "height": 600,
              "src": "https:\/\/cdn.shopify.com\/s\/files\/1\/0601\/3855\/3577\/products\/levante_ciutat_valencia_mapa_cat2.jpg?v=1655207569",
              "variant_ids": [
                43227256062185
              ],
              "admin_graphql_api_id": "gid:\/\/shopify\/ProductImage\/37824307626217"
            },
            {
              "id": 37824308019433,
              "product_id": 7750771802345,
              "position": 2,
              "created_at": "2022-06-14T09:51:31+02:00",
              "updated_at": "2022-06-14T13:52:49+02:00",
              "alt": null,
              "width": 612,
              "height": 600,
              "src": "https:\/\/cdn.shopify.com\/s\/files\/1\/0601\/3855\/3577\/products\/levante_ciutat_valencia_mapa_cat1.jpg?v=1655207569",
              "variant_ids": [
                43227256094953
              ],
              "admin_graphql_api_id": "gid:\/\/shopify\/ProductImage\/37824308019433"
            }
          ],
          "image": {
            "id": 37824307626217,
            "product_id": 7750771802345,
            "position": 1,
            "created_at": "2022-06-14T09:51:30+02:00",
            "updated_at": "2022-06-14T13:52:49+02:00",
            "alt": null,
            "width": 612,
            "height": 600,
            "src": "https:\/\/cdn.shopify.com\/s\/files\/1\/0601\/3855\/3577\/products\/levante_ciutat_valencia_mapa_cat2.jpg?v=1655207569",
            "variant_ids": [
              43227256062185
            ],
            "admin_graphql_api_id": "gid:\/\/shopify\/ProductImage\/37824307626217"
          },
          "shop_id": "62d14708cde2092c0801f832",
          "ets_fs_type": "product",
          "order_best_selling": 9999999999,
          "collections": [
            {
              "ruleSet": null,
              "ets_fs_type": "collection",
              "description": "Team: The Levante Union Deportiva, better known as Levante, was founded on September 9, 1909. Players like Juan Puig, Antonio Calpe, Ernesto Domínguez, Sergio Ballesteros, Alberto Rivera, Juanfran García, Iñaki Descarga, Arouna Koné, Félix Ettien, Keylor Navas, Obafemi Martins, José Morales, Felipe Caicedo, Pedja Mijatovic or Johan Cruyff have worn the granota shirt throughout history.The best time of Levante was, without doubt, the 2011-2012 season when the team finished sixth in La Liga. This allowed him to play the Europa League in 2012-2013 season, a historic achievement for the club. Other key moments in Levante history were the 4 promotions to the first division (1996, 1999, 2004, 2017).The eternal rival of Levante is Valencia CF. The Valencia derby is surely the best football match we can see in the Ciutat de Valencia stadium, a match full of rivalry and history where tension is assured.Live the full experience with a host. Get your Levante football tickets and enjoy an unforgettable day in Valencia! Stadium: The Ciutat de Valencia Stadium is located in Valencia, Spain. The stadium has a capacity for more than 26.000 spectators. Get your Ciutat de Valencia tickets and live the best football!",
              "products_count": 7,
              "handle": "levante-ud-tickets-experiences",
              "title": "Levante UD Tickets & Experiences",
              "fs_collection_type": "custom_collection",
              "shop_id": "62d14708cde2092c0801f832",
              "admin_graphql_api_id": "gid:\/\/shopify\/Collection\/405200109801",
              "descriptionHtml": "<p> <\/p>\n<div style=\"text-align: left;\"><img src=\"https:\/\/cdn.shopify.com\/s\/files\/1\/0601\/3855\/3577\/files\/imagen_coleccion_1e525777-cbed-408f-b110-fe1bbb23244d_2048x2048.jpg?v=1653308257\" alt=\"\" style=\"float: none;\"><\/div>\n<p> <\/p>\n<h2 style=\"text-align: left;\">Team:<\/h2>\n<p style=\"text-align: left;\">The Levante Union Deportiva, better known as <strong data-mce-fragment=\"1\">Levante<\/strong>, was founded on September 9, 1909. Players like Juan Puig, Antonio Calpe, Ernesto Domínguez, Sergio Ballesteros, Alberto Rivera, Juanfran García, Iñaki Descarga, Arouna Koné, Félix Ettien, Keylor Navas, Obafemi Martins, José Morales, Felipe Caicedo, Pedja Mijatovic or <strong data-mce-fragment=\"1\">Johan Cruyff<\/strong> have worn the granota shirt throughout history.<br data-mce-fragment=\"1\"><br data-mce-fragment=\"1\">The best time of Levante was, without doubt,<strong data-mce-fragment=\"1\"> <\/strong>the 2011-2012 season when the team finished sixth in La Liga. This allowed him to play the <strong data-mce-fragment=\"1\">Europa League in 2012-2013<\/strong> season, a historic achievement for the club. Other key moments in Levante history were the 4 promotions to the first division (1996, 1999, 2004, 2017).<br data-mce-fragment=\"1\"><br data-mce-fragment=\"1\">The eternal rival of Levante is Valencia CF. The <strong data-mce-fragment=\"1\">Valencia derby<\/strong> is surely the best football match we can see in the Ciutat de Valencia stadium, a match full of rivalry and history where tension is assured.<br data-mce-fragment=\"1\"><br data-mce-fragment=\"1\">Live the full <strong>experience with a host<\/strong>. Get your <strong data-mce-fragment=\"1\">Levante football tickets<\/strong> and enjoy an unforgettable day in Valencia!<\/p>\n<h2 style=\"text-align: left;\">Stadium:<\/h2>\n<p style=\"text-align: left;\">The Ciutat de Valencia Stadium is located in Valencia, Spain. The stadium has a capacity for more than 26.000 spectators.<\/p>\n<p style=\"text-align: left;\">Get your <strong>Ciutat de Valencia tickets<\/strong> and live the best football!<\/p>",
              "id": "405200109801",
              "productsCount": 7,
              "total_products": 7,
              "updatedAt": "2022-07-11T14:48:17Z",
              "status": "active"
            },
            {
              "ruleSet": {
                "appliedDisjunctively": true
              },
              "ets_fs_type": "collection",
              "description": "",
              "products_count": 78,
              "handle": "ets-fs-best-selling-products",
              "title": "Best selling products (DO NOT DELETE)",
              "fs_collection_type": "smart_collection",
              "shop_id": "62d14708cde2092c0801f832",
              "admin_graphql_api_id": "gid:\/\/shopify\/Collection\/407725605097",
              "descriptionHtml": "",
              "id": "407725605097",
              "productsCount": 78,
              "total_products": 78,
              "updatedAt": "2022-07-15T12:10:48Z",
              "status": "active"
            }
          ]
        }
      ]
    },
    "filters": [
      {
        "user_id": "62d14708cde2092c0801f832",
        "filter_information": {
          "active": 1,
          "show_out_of_stock": 0,
          "filter_name": "Tickets\/Experiences",
          "collection_applied": [
            "404858110185"
          ]
        },
        "list_filter_options": [
          {
            "filter_type": "type",
            "filter_enable": true,
            "filter_label": "Type",
            "filter_description": "test",
            "filter_display_type": "checkbox",
            "filter_sort_by": "most_product",
            "filter_uppercase_values": 0,
            "filter_ranger_price": {
              "ranger": 1,
              "step": 1,
              "delimiter": ",",
              "show_ranger": true,
              "from": "",
              "to": 995
            },
            "filter_ranger_weight": {
              "ranger": 1,
              "step": 1,
              "delimiter": ",",
              "show_ranger": true,
              "from": "",
              "to": ""
            },
            "filter_percent_sale": [
              {
                "from": 10,
                "to": ""
              }
            ],
            "filter_stock_status": {
              "instock": "In-stock",
              "outStock": "Out of stock"
            },
            "filter_color_start": "#FFD117",
            "filter_option_value": [

            ],
            "filter_option_value_type": "text",
            "filter_swatch_style": "square",
            "filter_vendors_applied": [

            ],
            "filter_types_applied": [
              "experiences",
              "tickets"
            ],
            "filter_tags_applied": [

            ],
            "filter_type_default": 1,
            "filter_collection_applied": [

            ],
            "filter_collection_behavior": "default",
            "filter_position": 0,
            "id_option_filter": 1,
            "filter_list": [
              {
                "label": "Tickets",
                "value": "Tickets",
                "key": "tickets",
                "total_products": 33,
                "title": "Tickets",
                "id": "Tickets"
              },
              {
                "label": "Experiences",
                "value": "Experiences",
                "key": "experiences",
                "total_products": 1,
                "title": "Experiences",
                "id": "Experiences"
              }
            ],
            "filter_type_key": "list"
          }
        ],
        "updated_at": "2022-07-18T10:11:48.853000Z",
        "created_at": "2022-07-18T10:07:48.485000Z",
        "id": "62d530f4b24fbfe0c8021b52"
      }
    ]
  }
}