{
  "expired_at": 1660554931,
  "time_zone": "UTC",
  "data": {
    "paginate": {
      "total": 5,
      "per_page": "12",
      "current_page": 1,
      "last_page": 1,
      "data": [
        {
          "id": 7753027223785,
          "title": "San Lorenzo vs Boca Juniors Tickets",
          "body_html": "<div data-mce-fragment=\"1\">\n<span data-mce-fragment=\"1\"><strong data-mce-fragment=\"1\">-Official tickets<\/strong><br data-mce-fragment=\"1\"><strong data-mce-fragment=\"1\">-Tickets together guaranteed<\/strong><br data-mce-fragment=\"1\">-Location: Pedro Bidegain Stadium (Buenos Aires)<\/span><br data-mce-fragment=\"1\"><span data-mce-fragment=\"1\">-Date: July 10<\/span><br data-mce-fragment=\"1\"><span data-mce-fragment=\"1\">-Competition: Primera División Argentina<\/span><br data-mce-fragment=\"1\"><span data-mce-fragment=\"1\">-Delivery: Depending on the match your tickets will be delivered by email or in person by a local guide.<\/span><br data-mce-fragment=\"1\">\n<\/div>\n<div data-mce-fragment=\"1\"><span data-mce-fragment=\"1\"> <\/span><\/div>\n<p data-mce-fragment=\"1\"><span data-mce-fragment=\"1\">For more information contact us: <a href=\"mailto:sales@footballhost.com\" data-mce-fragment=\"1\" data-mce-href=\"mailto:sales@footballhost.com\" target=\"_blank\">sales@24x7tickets.com<\/a> \/\/ (+34) 685 23 01 20<\/span><\/p>",
          "vendor": "Football Host",
          "product_type": "Tickets",
          "created_at": "2022-06-15T10:02:01+02:00",
          "handle": "san-lorenzo-boca-juniors-primera-division-argentina-tickets",
          "updated_at": "2022-06-16T12:23:20+02:00",
          "published_at": "2022-06-15T10:01:59+02:00",
          "template_suffix": "",
          "status": "active",
          "published_scope": "web",
          "tags": "Tickets",
          "admin_graphql_api_id": "gid:\/\/shopify\/Product\/7753027223785",
          "variants": [
            {
              "id": 43233172357353,
              "product_id": 7753027223785,
              "title": "Shortside Standard",
              "price": 120,
              "sku": "20220710SANLOR04",
              "position": 1,
              "inventory_policy": "deny",
              "compare_at_price": 0,
              "fulfillment_service": "manual",
              "inventory_management": "shopify",
              "option1": "Shortside Standard",
              "option2": null,
              "option3": null,
              "created_at": "2022-06-15T10:02:01+02:00",
              "updated_at": "2022-06-16T12:23:20+02:00",
              "taxable": true,
              "barcode": null,
              "grams": 0,
              "image_id": 37847901667561,
              "weight": 0,
              "weight_unit": "kg",
              "inventory_item_id": 45328589029609,
              "inventory_quantity": 0,
              "old_inventory_quantity": 0,
              "requires_shipping": true,
              "admin_graphql_api_id": "gid:\/\/shopify\/ProductVariant\/43233172357353",
              "percent_sale": 0
            },
            {
              "id": 43233172390121,
              "product_id": 7753027223785,
              "title": "Longside Standard",
              "price": 176,
              "sku": "20220710SANLOR02",
              "position": 2,
              "inventory_policy": "deny",
              "compare_at_price": 0,
              "fulfillment_service": "manual",
              "inventory_management": "shopify",
              "option1": "Longside Standard",
              "option2": null,
              "option3": null,
              "created_at": "2022-06-15T10:02:01+02:00",
              "updated_at": "2022-06-16T12:23:20+02:00",
              "taxable": true,
              "barcode": null,
              "grams": 0,
              "image_id": 37847901077737,
              "weight": 0,
              "weight_unit": "kg",
              "inventory_item_id": 45328589062377,
              "inventory_quantity": 10,
              "old_inventory_quantity": 10,
              "requires_shipping": true,
              "admin_graphql_api_id": "gid:\/\/shopify\/ProductVariant\/43233172390121",
              "percent_sale": 0
            }
          ],
          "options": [
            {
              "id": 9848998330601,
              "product_id": 7753027223785,
              "name": "Category",
              "position": 1,
              "values": [
                "Shortside Standard",
                "Longside Standard"
              ],
              "label": "Category",
              "key": "category",
              "value": "Category"
            }
          ],
          "images": [
            {
              "id": 37847901667561,
              "product_id": 7753027223785,
              "position": 1,
              "created_at": "2022-06-16T12:23:12+02:00",
              "updated_at": "2022-06-16T12:23:13+02:00",
              "alt": null,
              "width": 644,
              "height": 600,
              "src": "https:\/\/cdn.shopify.com\/s\/files\/1\/0601\/3855\/3577\/products\/shortside_standard_e3473248-9231-4de2-9ab7-6ccb78059fc7.jpg?v=1655374993",
              "variant_ids": [
                43233172357353
              ],
              "admin_graphql_api_id": "gid:\/\/shopify\/ProductImage\/37847901667561"
            },
            {
              "id": 37847901077737,
              "product_id": 7753027223785,
              "position": 2,
              "created_at": "2022-06-16T12:23:08+02:00",
              "updated_at": "2022-06-16T12:23:13+02:00",
              "alt": null,
              "width": 644,
              "height": 600,
              "src": "https:\/\/cdn.shopify.com\/s\/files\/1\/0601\/3855\/3577\/products\/longisde_standard_20c62ffe-9ad4-4a9b-8ce8-aaeac2162bc3.jpg?v=1655374993",
              "variant_ids": [
                43233172390121
              ],
              "admin_graphql_api_id": "gid:\/\/shopify\/ProductImage\/37847901077737"
            }
          ],
          "image": {
            "id": 37847901667561,
            "product_id": 7753027223785,
            "position": 1,
            "created_at": "2022-06-16T12:23:12+02:00",
            "updated_at": "2022-06-16T12:23:13+02:00",
            "alt": null,
            "width": 644,
            "height": 600,
            "src": "https:\/\/cdn.shopify.com\/s\/files\/1\/0601\/3855\/3577\/products\/shortside_standard_e3473248-9231-4de2-9ab7-6ccb78059fc7.jpg?v=1655374993",
            "variant_ids": [
              43233172357353
            ],
            "admin_graphql_api_id": "gid:\/\/shopify\/ProductImage\/37847901667561"
          },
          "shop_id": "62d14708cde2092c0801f832",
          "ets_fs_type": "product",
          "order_best_selling": 9999999999,
          "collections": [
            {
              "ruleSet": null,
              "ets_fs_type": "collection",
              "description": "Team: The Club Atletico San Lorenzo de Almagro, also known as San Lorenzo, was founded on April 1, 1908 in the city of Buenos Aires, Argentina. He is considered one of the 5 great teams of his country. San Lorenzo has more than 20 titles in his history: many local championships, 2 national cups. Internationally has 1 Copa Libertadores, 1 Sudamericana and 1 Mercosur. Buy your San Lorenzo tickets and experience the argentinian football like never before. Stadium: The Pedro Bidegain stadium, popularly known as \"El Nuevo Gasometro\", is located in the City of Buenos Aires and has a capacity of 47,964 spectators.Get your Pedro Bidegain tickets and enjoy the match with local fans. Definetely, your best football experience!",
              "products_count": 5,
              "handle": "san-lorenzo-tickets-experiences",
              "title": "San Lorenzo Tickets & Experiences",
              "fs_collection_type": "custom_collection",
              "shop_id": "62d14708cde2092c0801f832",
              "admin_graphql_api_id": "gid:\/\/shopify\/Collection\/405633466601",
              "descriptionHtml": "<h2 style=\"text-align: left;\"><span data-mce-fragment=\"1\">Team:<\/span><\/h2>\n<p style=\"text-align: left;\"><span data-mce-fragment=\"1\">The <\/span><strong data-mce-fragment=\"1\">Club Atletico San Lorenzo de Almagro<\/strong><span data-mce-fragment=\"1\">, also known as<\/span><strong data-mce-fragment=\"1\"><span data-mce-fragment=\"1\"> <\/span>San Lorenzo<\/strong><span data-mce-fragment=\"1\">, was founded on April 1, 1908 in the city of<\/span><strong data-mce-fragment=\"1\"><span data-mce-fragment=\"1\"> <\/span><\/strong>Buenos Aires<span data-mce-fragment=\"1\">, Argentina. He is considered one of the 5 great teams of his country. San Lorenzo<\/span><strong data-mce-fragment=\"1\"><span data-mce-fragment=\"1\"> <\/span><\/strong><span data-mce-fragment=\"1\">has more than 20 titles in his history: many local championships, 2 national cups. Internationally has <\/span><strong data-mce-fragment=\"1\">1 Copa Libertadores<\/strong><span data-mce-fragment=\"1\">, 1 Sudamericana and 1 Mercosur.<\/span><\/p>\n<p style=\"text-align: left;\"><span data-mce-fragment=\"1\">Buy your <strong>San Lorenzo tickets<\/strong> and experience the argentinian football like never before.<\/span><\/p>\n<h2 style=\"text-align: left;\"><span data-mce-fragment=\"1\">Stadium:<\/span><\/h2>\n<p style=\"text-align: left;\">The Pedro Bidegain stadium, popularly known as \"<strong>El Nuevo Gasometro<\/strong>\", is located in the City of Buenos Aires and has a capacity of 47,964 spectators.<br><br>Get your <strong>Pedro Bidegain<\/strong><strong> tickets<\/strong> and enjoy the match with local fans. Definetely,<b> <\/b>your best<strong data-mce-fragment=\"1\"> football experience<\/strong>!<\/p>",
              "id": "405633466601",
              "productsCount": 5,
              "total_products": 5,
              "updatedAt": "2022-06-16T07:28:54Z",
              "status": "active"
            },
            {
              "ruleSet": {
                "appliedDisjunctively": true
              },
              "ets_fs_type": "collection",
              "description": "",
              "products_count": 78,
              "handle": "ets-fs-best-selling-products",
              "title": "Best selling products (DO NOT DELETE)",
              "fs_collection_type": "smart_collection",
              "shop_id": "62d14708cde2092c0801f832",
              "admin_graphql_api_id": "gid:\/\/shopify\/Collection\/407725605097",
              "descriptionHtml": "",
              "id": "407725605097",
              "productsCount": 78,
              "total_products": 78,
              "updatedAt": "2022-07-15T12:10:48Z",
              "status": "active"
            }
          ]
        },
        {
          "id": 7753027420393,
          "title": "San Lorenzo vs Estudiantes Tickets",
          "body_html": "<div data-mce-fragment=\"1\">\n<span data-mce-fragment=\"1\"><strong data-mce-fragment=\"1\">-Official tickets<\/strong><br data-mce-fragment=\"1\"><strong data-mce-fragment=\"1\">-Tickets together guaranteed<\/strong><br data-mce-fragment=\"1\">-Location: Pedro Bidegain Stadium (Buenos Aires)<\/span><br data-mce-fragment=\"1\"><span data-mce-fragment=\"1\">-Date: August 7<\/span><br data-mce-fragment=\"1\"><span data-mce-fragment=\"1\">-Competition: Primera División Argentina<\/span><br data-mce-fragment=\"1\"><span data-mce-fragment=\"1\">-Delivery: Depending on the match your tickets will be delivered by email or in person by a local guide.<\/span><br data-mce-fragment=\"1\">\n<\/div>\n<div data-mce-fragment=\"1\"><span data-mce-fragment=\"1\"> <\/span><\/div>\n<div data-mce-fragment=\"1\"><span data-mce-fragment=\"1\"><\/span><\/div>\n<div data-mce-fragment=\"1\"><span data-mce-fragment=\"1\"><\/span><\/div>\n<p data-mce-fragment=\"1\"><span data-mce-fragment=\"1\">For more information contact us: <a href=\"mailto:sales@footballhost.com\" data-mce-fragment=\"1\" target=\"_blank\" data-mce-href=\"mailto:sales@footballhost.com\">sales@24x7tickets.com<\/a> \/\/ (+34) 685 23 01 20<\/span><\/p>",
          "vendor": "Football Host",
          "product_type": "Tickets",
          "created_at": "2022-06-15T10:02:07+02:00",
          "handle": "san-lorenzo-estudiantes-primera-division-argentina-tickets",
          "updated_at": "2022-06-16T12:23:46+02:00",
          "published_at": "2022-06-15T10:02:06+02:00",
          "template_suffix": "",
          "status": "active",
          "published_scope": "web",
          "tags": "Tickets",
          "admin_graphql_api_id": "gid:\/\/shopify\/Product\/7753027420393",
          "variants": [
            {
              "id": 43233174388969,
              "product_id": 7753027420393,
              "title": "Shortside Standard",
              "price": 120,
              "sku": "20220626SANLOR04",
              "position": 1,
              "inventory_policy": "deny",
              "compare_at_price": 0,
              "fulfillment_service": "manual",
              "inventory_management": "shopify",
              "option1": "Shortside Standard",
              "option2": null,
              "option3": null,
              "created_at": "2022-06-15T10:02:07+02:00",
              "updated_at": "2022-06-16T12:23:46+02:00",
              "taxable": true,
              "barcode": null,
              "grams": 0,
              "image_id": 37847904944361,
              "weight": 0,
              "weight_unit": "kg",
              "inventory_item_id": 45328591061225,
              "inventory_quantity": 0,
              "old_inventory_quantity": 0,
              "requires_shipping": true,
              "admin_graphql_api_id": "gid:\/\/shopify\/ProductVariant\/43233174388969",
              "percent_sale": 0
            },
            {
              "id": 43233174421737,
              "product_id": 7753027420393,
              "title": "Longside Standard",
              "price": 176,
              "sku": "20220626SANLOR02",
              "position": 2,
              "inventory_policy": "deny",
              "compare_at_price": 0,
              "fulfillment_service": "manual",
              "inventory_management": "shopify",
              "option1": "Longside Standard",
              "option2": null,
              "option3": null,
              "created_at": "2022-06-15T10:02:07+02:00",
              "updated_at": "2022-06-16T12:23:46+02:00",
              "taxable": true,
              "barcode": null,
              "grams": 0,
              "image_id": 37847904321769,
              "weight": 0,
              "weight_unit": "kg",
              "inventory_item_id": 45328591093993,
              "inventory_quantity": 10,
              "old_inventory_quantity": 10,
              "requires_shipping": true,
              "admin_graphql_api_id": "gid:\/\/shopify\/ProductVariant\/43233174421737",
              "percent_sale": 0
            }
          ],
          "options": [
            {
              "id": 9848998559977,
              "product_id": 7753027420393,
              "name": "Category",
              "position": 1,
              "values": [
                "Shortside Standard",
                "Longside Standard"
              ],
              "label": "Category",
              "key": "category",
              "value": "Category"
            }
          ],
          "images": [
            {
              "id": 37847904944361,
              "product_id": 7753027420393,
              "position": 1,
              "created_at": "2022-06-16T12:23:38+02:00",
              "updated_at": "2022-06-16T12:23:39+02:00",
              "alt": null,
              "width": 644,
              "height": 600,
              "src": "https:\/\/cdn.shopify.com\/s\/files\/1\/0601\/3855\/3577\/products\/shortside_standard_950ea061-03a1-4e6e-b199-92c58b44d261.jpg?v=1655375019",
              "variant_ids": [
                43233174388969
              ],
              "admin_graphql_api_id": "gid:\/\/shopify\/ProductImage\/37847904944361"
            },
            {
              "id": 37847904321769,
              "product_id": 7753027420393,
              "position": 2,
              "created_at": "2022-06-16T12:23:34+02:00",
              "updated_at": "2022-06-16T12:23:39+02:00",
              "alt": null,
              "width": 644,
              "height": 600,
              "src": "https:\/\/cdn.shopify.com\/s\/files\/1\/0601\/3855\/3577\/products\/longisde_standard_6fa7acb7-2232-4891-8c2b-0d5cdaba33cf.jpg?v=1655375019",
              "variant_ids": [
                43233174421737
              ],
              "admin_graphql_api_id": "gid:\/\/shopify\/ProductImage\/37847904321769"
            }
          ],
          "image": {
            "id": 37847904944361,
            "product_id": 7753027420393,
            "position": 1,
            "created_at": "2022-06-16T12:23:38+02:00",
            "updated_at": "2022-06-16T12:23:39+02:00",
            "alt": null,
            "width": 644,
            "height": 600,
            "src": "https:\/\/cdn.shopify.com\/s\/files\/1\/0601\/3855\/3577\/products\/shortside_standard_950ea061-03a1-4e6e-b199-92c58b44d261.jpg?v=1655375019",
            "variant_ids": [
              43233174388969
            ],
            "admin_graphql_api_id": "gid:\/\/shopify\/ProductImage\/37847904944361"
          },
          "shop_id": "62d14708cde2092c0801f832",
          "ets_fs_type": "product",
          "order_best_selling": 9999999999,
          "collections": [
            {
              "ruleSet": null,
              "ets_fs_type": "collection",
              "description": "Team: The Club Atletico San Lorenzo de Almagro, also known as San Lorenzo, was founded on April 1, 1908 in the city of Buenos Aires, Argentina. He is considered one of the 5 great teams of his country. San Lorenzo has more than 20 titles in his history: many local championships, 2 national cups. Internationally has 1 Copa Libertadores, 1 Sudamericana and 1 Mercosur. Buy your San Lorenzo tickets and experience the argentinian football like never before. Stadium: The Pedro Bidegain stadium, popularly known as \"El Nuevo Gasometro\", is located in the City of Buenos Aires and has a capacity of 47,964 spectators.Get your Pedro Bidegain tickets and enjoy the match with local fans. Definetely, your best football experience!",
              "products_count": 5,
              "handle": "san-lorenzo-tickets-experiences",
              "title": "San Lorenzo Tickets & Experiences",
              "fs_collection_type": "custom_collection",
              "shop_id": "62d14708cde2092c0801f832",
              "admin_graphql_api_id": "gid:\/\/shopify\/Collection\/405633466601",
              "descriptionHtml": "<h2 style=\"text-align: left;\"><span data-mce-fragment=\"1\">Team:<\/span><\/h2>\n<p style=\"text-align: left;\"><span data-mce-fragment=\"1\">The <\/span><strong data-mce-fragment=\"1\">Club Atletico San Lorenzo de Almagro<\/strong><span data-mce-fragment=\"1\">, also known as<\/span><strong data-mce-fragment=\"1\"><span data-mce-fragment=\"1\"> <\/span>San Lorenzo<\/strong><span data-mce-fragment=\"1\">, was founded on April 1, 1908 in the city of<\/span><strong data-mce-fragment=\"1\"><span data-mce-fragment=\"1\"> <\/span><\/strong>Buenos Aires<span data-mce-fragment=\"1\">, Argentina. He is considered one of the 5 great teams of his country. San Lorenzo<\/span><strong data-mce-fragment=\"1\"><span data-mce-fragment=\"1\"> <\/span><\/strong><span data-mce-fragment=\"1\">has more than 20 titles in his history: many local championships, 2 national cups. Internationally has <\/span><strong data-mce-fragment=\"1\">1 Copa Libertadores<\/strong><span data-mce-fragment=\"1\">, 1 Sudamericana and 1 Mercosur.<\/span><\/p>\n<p style=\"text-align: left;\"><span data-mce-fragment=\"1\">Buy your <strong>San Lorenzo tickets<\/strong> and experience the argentinian football like never before.<\/span><\/p>\n<h2 style=\"text-align: left;\"><span data-mce-fragment=\"1\">Stadium:<\/span><\/h2>\n<p style=\"text-align: left;\">The Pedro Bidegain stadium, popularly known as \"<strong>El Nuevo Gasometro<\/strong>\", is located in the City of Buenos Aires and has a capacity of 47,964 spectators.<br><br>Get your <strong>Pedro Bidegain<\/strong><strong> tickets<\/strong> and enjoy the match with local fans. Definetely,<b> <\/b>your best<strong data-mce-fragment=\"1\"> football experience<\/strong>!<\/p>",
              "id": "405633466601",
              "productsCount": 5,
              "total_products": 5,
              "updatedAt": "2022-06-16T07:28:54Z",
              "status": "active"
            },
            {
              "ruleSet": {
                "appliedDisjunctively": true
              },
              "ets_fs_type": "collection",
              "description": "",
              "products_count": 78,
              "handle": "ets-fs-best-selling-products",
              "title": "Best selling products (DO NOT DELETE)",
              "fs_collection_type": "smart_collection",
              "shop_id": "62d14708cde2092c0801f832",
              "admin_graphql_api_id": "gid:\/\/shopify\/Collection\/407725605097",
              "descriptionHtml": "",
              "id": "407725605097",
              "productsCount": 78,
              "total_products": 78,
              "updatedAt": "2022-07-15T12:10:48Z",
              "status": "active"
            }
          ]
        },
        {
          "id": 7753027354857,
          "title": "San Lorenzo vs Talleres Tickets",
          "body_html": "<div data-mce-fragment=\"1\">\n<span data-mce-fragment=\"1\"><strong data-mce-fragment=\"1\">-Official tickets<\/strong><br data-mce-fragment=\"1\"><strong data-mce-fragment=\"1\">-Tickets together guaranteed<\/strong><br data-mce-fragment=\"1\">-Location: Pedro Bidegain Stadium (Buenos Aires)<\/span><br data-mce-fragment=\"1\"><span data-mce-fragment=\"1\">-Date: July 24<\/span><br data-mce-fragment=\"1\"><span data-mce-fragment=\"1\">-Competition: Primera División Argentina<\/span><br data-mce-fragment=\"1\"><span data-mce-fragment=\"1\">-Delivery: Depending on the match your tickets will be delivered by email or in person by a local guide.<\/span><br data-mce-fragment=\"1\">\n<\/div>\n<div data-mce-fragment=\"1\"><span data-mce-fragment=\"1\"> <\/span><\/div>\n<p data-mce-fragment=\"1\"><span data-mce-fragment=\"1\">For more information contact us: <a href=\"mailto:sales@footballhost.com\" target=\"_blank\" data-mce-href=\"mailto:sales@footballhost.com\" data-mce-fragment=\"1\">sales@24x7tickets.com<\/a> \/\/ (+34) 685 23 01 20<\/span><\/p>",
          "vendor": "Football Host",
          "product_type": "Tickets",
          "created_at": "2022-06-15T10:02:05+02:00",
          "handle": "san-lorenzo-talleres-primera-division-argentina-tickets",
          "updated_at": "2022-06-16T12:24:41+02:00",
          "published_at": "2022-06-15T10:02:04+02:00",
          "template_suffix": "",
          "status": "active",
          "published_scope": "web",
          "tags": "Tickets",
          "admin_graphql_api_id": "gid:\/\/shopify\/Product\/7753027354857",
          "variants": [
            {
              "id": 43233174290665,
              "product_id": 7753027354857,
              "title": "Shortside Standard",
              "price": 120,
              "sku": "20220626SANLOR04",
              "position": 1,
              "inventory_policy": "deny",
              "compare_at_price": 0,
              "fulfillment_service": "manual",
              "inventory_management": "shopify",
              "option1": "Shortside Standard",
              "option2": null,
              "option3": null,
              "created_at": "2022-06-15T10:02:05+02:00",
              "updated_at": "2022-06-16T12:24:41+02:00",
              "taxable": true,
              "barcode": null,
              "grams": 0,
              "image_id": 37847907696873,
              "weight": 0,
              "weight_unit": "kg",
              "inventory_item_id": 45328590962921,
              "inventory_quantity": 0,
              "old_inventory_quantity": 0,
              "requires_shipping": true,
              "admin_graphql_api_id": "gid:\/\/shopify\/ProductVariant\/43233174290665",
              "percent_sale": 0
            },
            {
              "id": 43233174323433,
              "product_id": 7753027354857,
              "title": "Longside Standard",
              "price": 176,
              "sku": "20220626SANLOR02",
              "position": 2,
              "inventory_policy": "deny",
              "compare_at_price": 0,
              "fulfillment_service": "manual",
              "inventory_management": "shopify",
              "option1": "Longside Standard",
              "option2": null,
              "option3": null,
              "created_at": "2022-06-15T10:02:05+02:00",
              "updated_at": "2022-06-16T12:24:41+02:00",
              "taxable": true,
              "barcode": null,
              "grams": 0,
              "image_id": 37847907565801,
              "weight": 0,
              "weight_unit": "kg",
              "inventory_item_id": 45328590995689,
              "inventory_quantity": 10,
              "old_inventory_quantity": 10,
              "requires_shipping": true,
              "admin_graphql_api_id": "gid:\/\/shopify\/ProductVariant\/43233174323433",
              "percent_sale": 0
            }
          ],
          "options": [
            {
              "id": 9848998494441,
              "product_id": 7753027354857,
              "name": "Category",
              "position": 1,
              "values": [
                "Shortside Standard",
                "Longside Standard"
              ],
              "label": "Category",
              "key": "category",
              "value": "Category"
            }
          ],
          "images": [
            {
              "id": 37847907696873,
              "product_id": 7753027354857,
              "position": 1,
              "created_at": "2022-06-16T12:24:10+02:00",
              "updated_at": "2022-06-16T12:24:11+02:00",
              "alt": null,
              "width": 644,
              "height": 600,
              "src": "https:\/\/cdn.shopify.com\/s\/files\/1\/0601\/3855\/3577\/products\/shortside_standard_bf822790-a2af-47e3-842d-bd6b85f42c8b.jpg?v=1655375051",
              "variant_ids": [
                43233174290665
              ],
              "admin_graphql_api_id": "gid:\/\/shopify\/ProductImage\/37847907696873"
            },
            {
              "id": 37847907565801,
              "product_id": 7753027354857,
              "position": 2,
              "created_at": "2022-06-16T12:24:06+02:00",
              "updated_at": "2022-06-16T12:24:11+02:00",
              "alt": null,
              "width": 644,
              "height": 600,
              "src": "https:\/\/cdn.shopify.com\/s\/files\/1\/0601\/3855\/3577\/products\/longisde_standard_4df9c564-115f-4f84-8943-11fc935de0e0.jpg?v=1655375051",
              "variant_ids": [
                43233174323433
              ],
              "admin_graphql_api_id": "gid:\/\/shopify\/ProductImage\/37847907565801"
            }
          ],
          "image": {
            "id": 37847907696873,
            "product_id": 7753027354857,
            "position": 1,
            "created_at": "2022-06-16T12:24:10+02:00",
            "updated_at": "2022-06-16T12:24:11+02:00",
            "alt": null,
            "width": 644,
            "height": 600,
            "src": "https:\/\/cdn.shopify.com\/s\/files\/1\/0601\/3855\/3577\/products\/shortside_standard_bf822790-a2af-47e3-842d-bd6b85f42c8b.jpg?v=1655375051",
            "variant_ids": [
              43233174290665
            ],
            "admin_graphql_api_id": "gid:\/\/shopify\/ProductImage\/37847907696873"
          },
          "shop_id": "62d14708cde2092c0801f832",
          "ets_fs_type": "product",
          "order_best_selling": 9999999999,
          "collections": [
            {
              "ruleSet": null,
              "ets_fs_type": "collection",
              "description": "Team: The Club Atletico San Lorenzo de Almagro, also known as San Lorenzo, was founded on April 1, 1908 in the city of Buenos Aires, Argentina. He is considered one of the 5 great teams of his country. San Lorenzo has more than 20 titles in his history: many local championships, 2 national cups. Internationally has 1 Copa Libertadores, 1 Sudamericana and 1 Mercosur. Buy your San Lorenzo tickets and experience the argentinian football like never before. Stadium: The Pedro Bidegain stadium, popularly known as \"El Nuevo Gasometro\", is located in the City of Buenos Aires and has a capacity of 47,964 spectators.Get your Pedro Bidegain tickets and enjoy the match with local fans. Definetely, your best football experience!",
              "products_count": 5,
              "handle": "san-lorenzo-tickets-experiences",
              "title": "San Lorenzo Tickets & Experiences",
              "fs_collection_type": "custom_collection",
              "shop_id": "62d14708cde2092c0801f832",
              "admin_graphql_api_id": "gid:\/\/shopify\/Collection\/405633466601",
              "descriptionHtml": "<h2 style=\"text-align: left;\"><span data-mce-fragment=\"1\">Team:<\/span><\/h2>\n<p style=\"text-align: left;\"><span data-mce-fragment=\"1\">The <\/span><strong data-mce-fragment=\"1\">Club Atletico San Lorenzo de Almagro<\/strong><span data-mce-fragment=\"1\">, also known as<\/span><strong data-mce-fragment=\"1\"><span data-mce-fragment=\"1\"> <\/span>San Lorenzo<\/strong><span data-mce-fragment=\"1\">, was founded on April 1, 1908 in the city of<\/span><strong data-mce-fragment=\"1\"><span data-mce-fragment=\"1\"> <\/span><\/strong>Buenos Aires<span data-mce-fragment=\"1\">, Argentina. He is considered one of the 5 great teams of his country. San Lorenzo<\/span><strong data-mce-fragment=\"1\"><span data-mce-fragment=\"1\"> <\/span><\/strong><span data-mce-fragment=\"1\">has more than 20 titles in his history: many local championships, 2 national cups. Internationally has <\/span><strong data-mce-fragment=\"1\">1 Copa Libertadores<\/strong><span data-mce-fragment=\"1\">, 1 Sudamericana and 1 Mercosur.<\/span><\/p>\n<p style=\"text-align: left;\"><span data-mce-fragment=\"1\">Buy your <strong>San Lorenzo tickets<\/strong> and experience the argentinian football like never before.<\/span><\/p>\n<h2 style=\"text-align: left;\"><span data-mce-fragment=\"1\">Stadium:<\/span><\/h2>\n<p style=\"text-align: left;\">The Pedro Bidegain stadium, popularly known as \"<strong>El Nuevo Gasometro<\/strong>\", is located in the City of Buenos Aires and has a capacity of 47,964 spectators.<br><br>Get your <strong>Pedro Bidegain<\/strong><strong> tickets<\/strong> and enjoy the match with local fans. Definetely,<b> <\/b>your best<strong data-mce-fragment=\"1\"> football experience<\/strong>!<\/p>",
              "id": "405633466601",
              "productsCount": 5,
              "total_products": 5,
              "updatedAt": "2022-06-16T07:28:54Z",
              "status": "active"
            },
            {
              "ruleSet": {
                "appliedDisjunctively": true
              },
              "ets_fs_type": "collection",
              "description": "",
              "products_count": 78,
              "handle": "ets-fs-best-selling-products",
              "title": "Best selling products (DO NOT DELETE)",
              "fs_collection_type": "smart_collection",
              "shop_id": "62d14708cde2092c0801f832",
              "admin_graphql_api_id": "gid:\/\/shopify\/Collection\/407725605097",
              "descriptionHtml": "",
              "id": "407725605097",
              "productsCount": 78,
              "total_products": 78,
              "updatedAt": "2022-07-15T12:10:48Z",
              "status": "active"
            }
          ]
        },
        {
          "id": 7753027125481,
          "title": "San Lorenzo vs Tigre Tickets",
          "body_html": "<div data-mce-fragment=\"1\">\n<span data-mce-fragment=\"1\"><strong data-mce-fragment=\"1\">-Official tickets<\/strong><br data-mce-fragment=\"1\"><strong data-mce-fragment=\"1\">-Tickets together guaranteed<\/strong><br data-mce-fragment=\"1\">-Location: Pedro Bidegain Stadium (Buenos Aires)<\/span><br data-mce-fragment=\"1\"><span data-mce-fragment=\"1\">-Date: June 26<\/span><br data-mce-fragment=\"1\"><span data-mce-fragment=\"1\">-Competition: Primera División Argentina<\/span><br data-mce-fragment=\"1\"><span data-mce-fragment=\"1\">-Delivery: Depending on the match your tickets will be delivered by email or in person by a local guide.<\/span><br data-mce-fragment=\"1\">\n<\/div>\n<div data-mce-fragment=\"1\"><span data-mce-fragment=\"1\"> <\/span><\/div>\n<p data-mce-fragment=\"1\"><span data-mce-fragment=\"1\">For more information contact us: <a href=\"mailto:sales@footballhost.com\" data-mce-fragment=\"1\" target=\"_blank\" data-mce-href=\"mailto:sales@footballhost.com\">sales@24x7tickets.com<\/a> \/\/ (+34) 685 23 01 20<\/span><\/p>",
          "vendor": "Football Host",
          "product_type": "Tickets",
          "created_at": "2022-06-15T10:01:59+02:00",
          "handle": "san-lorenzo-tigre-primera-division-argentina-tickets",
          "updated_at": "2022-06-16T12:25:08+02:00",
          "published_at": "2022-06-15T10:01:57+02:00",
          "template_suffix": "",
          "status": "active",
          "published_scope": "web",
          "tags": "Tickets",
          "admin_graphql_api_id": "gid:\/\/shopify\/Product\/7753027125481",
          "variants": [
            {
              "id": 43233172193513,
              "product_id": 7753027125481,
              "title": "Shortside Standard",
              "price": 120,
              "sku": "20220626SANLOR04",
              "position": 1,
              "inventory_policy": "deny",
              "compare_at_price": 0,
              "fulfillment_service": "manual",
              "inventory_management": "shopify",
              "option1": "Shortside Standard",
              "option2": null,
              "option3": null,
              "created_at": "2022-06-15T10:01:59+02:00",
              "updated_at": "2022-06-16T12:25:08+02:00",
              "taxable": true,
              "barcode": null,
              "grams": 0,
              "image_id": 37847908614377,
              "weight": 0,
              "weight_unit": "kg",
              "inventory_item_id": 45328588865769,
              "inventory_quantity": 0,
              "old_inventory_quantity": 0,
              "requires_shipping": true,
              "admin_graphql_api_id": "gid:\/\/shopify\/ProductVariant\/43233172193513",
              "percent_sale": 0
            },
            {
              "id": 43233172226281,
              "product_id": 7753027125481,
              "title": "Longside Standard",
              "price": 176,
              "sku": "20220626SANLOR02",
              "position": 2,
              "inventory_policy": "deny",
              "compare_at_price": 0,
              "fulfillment_service": "manual",
              "inventory_management": "shopify",
              "option1": "Longside Standard",
              "option2": null,
              "option3": null,
              "created_at": "2022-06-15T10:01:59+02:00",
              "updated_at": "2022-06-16T12:25:08+02:00",
              "taxable": true,
              "barcode": null,
              "grams": 0,
              "image_id": 37847908319465,
              "weight": 0,
              "weight_unit": "kg",
              "inventory_item_id": 45328588898537,
              "inventory_quantity": 10,
              "old_inventory_quantity": 10,
              "requires_shipping": true,
              "admin_graphql_api_id": "gid:\/\/shopify\/ProductVariant\/43233172226281",
              "percent_sale": 0
            }
          ],
          "options": [
            {
              "id": 9848998232297,
              "product_id": 7753027125481,
              "name": "Category",
              "position": 1,
              "values": [
                "Shortside Standard",
                "Longside Standard"
              ],
              "label": "Category",
              "key": "category",
              "value": "Category"
            }
          ],
          "images": [
            {
              "id": 37847908614377,
              "product_id": 7753027125481,
              "position": 1,
              "created_at": "2022-06-16T12:25:00+02:00",
              "updated_at": "2022-06-16T12:25:00+02:00",
              "alt": null,
              "width": 644,
              "height": 600,
              "src": "https:\/\/cdn.shopify.com\/s\/files\/1\/0601\/3855\/3577\/products\/shortside_standard_77893e48-ef51-45e9-af88-3e13a873b523.jpg?v=1655375100",
              "variant_ids": [
                43233172193513
              ],
              "admin_graphql_api_id": "gid:\/\/shopify\/ProductImage\/37847908614377"
            },
            {
              "id": 37847908319465,
              "product_id": 7753027125481,
              "position": 2,
              "created_at": "2022-06-16T12:24:55+02:00",
              "updated_at": "2022-06-16T12:25:00+02:00",
              "alt": null,
              "width": 644,
              "height": 600,
              "src": "https:\/\/cdn.shopify.com\/s\/files\/1\/0601\/3855\/3577\/products\/longisde_standard_ea8c093f-0faa-4ee6-bacd-810ac387eb9e.jpg?v=1655375100",
              "variant_ids": [
                43233172226281
              ],
              "admin_graphql_api_id": "gid:\/\/shopify\/ProductImage\/37847908319465"
            }
          ],
          "image": {
            "id": 37847908614377,
            "product_id": 7753027125481,
            "position": 1,
            "created_at": "2022-06-16T12:25:00+02:00",
            "updated_at": "2022-06-16T12:25:00+02:00",
            "alt": null,
            "width": 644,
            "height": 600,
            "src": "https:\/\/cdn.shopify.com\/s\/files\/1\/0601\/3855\/3577\/products\/shortside_standard_77893e48-ef51-45e9-af88-3e13a873b523.jpg?v=1655375100",
            "variant_ids": [
              43233172193513
            ],
            "admin_graphql_api_id": "gid:\/\/shopify\/ProductImage\/37847908614377"
          },
          "shop_id": "62d14708cde2092c0801f832",
          "ets_fs_type": "product",
          "order_best_selling": 9999999999,
          "collections": [
            {
              "ruleSet": null,
              "ets_fs_type": "collection",
              "description": "Team: The Club Atletico San Lorenzo de Almagro, also known as San Lorenzo, was founded on April 1, 1908 in the city of Buenos Aires, Argentina. He is considered one of the 5 great teams of his country. San Lorenzo has more than 20 titles in his history: many local championships, 2 national cups. Internationally has 1 Copa Libertadores, 1 Sudamericana and 1 Mercosur. Buy your San Lorenzo tickets and experience the argentinian football like never before. Stadium: The Pedro Bidegain stadium, popularly known as \"El Nuevo Gasometro\", is located in the City of Buenos Aires and has a capacity of 47,964 spectators.Get your Pedro Bidegain tickets and enjoy the match with local fans. Definetely, your best football experience!",
              "products_count": 5,
              "handle": "san-lorenzo-tickets-experiences",
              "title": "San Lorenzo Tickets & Experiences",
              "fs_collection_type": "custom_collection",
              "shop_id": "62d14708cde2092c0801f832",
              "admin_graphql_api_id": "gid:\/\/shopify\/Collection\/405633466601",
              "descriptionHtml": "<h2 style=\"text-align: left;\"><span data-mce-fragment=\"1\">Team:<\/span><\/h2>\n<p style=\"text-align: left;\"><span data-mce-fragment=\"1\">The <\/span><strong data-mce-fragment=\"1\">Club Atletico San Lorenzo de Almagro<\/strong><span data-mce-fragment=\"1\">, also known as<\/span><strong data-mce-fragment=\"1\"><span data-mce-fragment=\"1\"> <\/span>San Lorenzo<\/strong><span data-mce-fragment=\"1\">, was founded on April 1, 1908 in the city of<\/span><strong data-mce-fragment=\"1\"><span data-mce-fragment=\"1\"> <\/span><\/strong>Buenos Aires<span data-mce-fragment=\"1\">, Argentina. He is considered one of the 5 great teams of his country. San Lorenzo<\/span><strong data-mce-fragment=\"1\"><span data-mce-fragment=\"1\"> <\/span><\/strong><span data-mce-fragment=\"1\">has more than 20 titles in his history: many local championships, 2 national cups. Internationally has <\/span><strong data-mce-fragment=\"1\">1 Copa Libertadores<\/strong><span data-mce-fragment=\"1\">, 1 Sudamericana and 1 Mercosur.<\/span><\/p>\n<p style=\"text-align: left;\"><span data-mce-fragment=\"1\">Buy your <strong>San Lorenzo tickets<\/strong> and experience the argentinian football like never before.<\/span><\/p>\n<h2 style=\"text-align: left;\"><span data-mce-fragment=\"1\">Stadium:<\/span><\/h2>\n<p style=\"text-align: left;\">The Pedro Bidegain stadium, popularly known as \"<strong>El Nuevo Gasometro<\/strong>\", is located in the City of Buenos Aires and has a capacity of 47,964 spectators.<br><br>Get your <strong>Pedro Bidegain<\/strong><strong> tickets<\/strong> and enjoy the match with local fans. Definetely,<b> <\/b>your best<strong data-mce-fragment=\"1\"> football experience<\/strong>!<\/p>",
              "id": "405633466601",
              "productsCount": 5,
              "total_products": 5,
              "updatedAt": "2022-06-16T07:28:54Z",
              "status": "active"
            },
            {
              "ruleSet": {
                "appliedDisjunctively": true
              },
              "ets_fs_type": "collection",
              "description": "",
              "products_count": 78,
              "handle": "ets-fs-best-selling-products",
              "title": "Best selling products (DO NOT DELETE)",
              "fs_collection_type": "smart_collection",
              "shop_id": "62d14708cde2092c0801f832",
              "admin_graphql_api_id": "gid:\/\/shopify\/Collection\/407725605097",
              "descriptionHtml": "",
              "id": "407725605097",
              "productsCount": 78,
              "total_products": 78,
              "updatedAt": "2022-07-15T12:10:48Z",
              "status": "active"
            }
          ]
        },
        {
          "id": 7753027289321,
          "title": "San Lorenzo vs Union Tickets",
          "body_html": "<div data-mce-fragment=\"1\">\n<span data-mce-fragment=\"1\"><strong data-mce-fragment=\"1\">-Official tickets<\/strong><br data-mce-fragment=\"1\"><strong data-mce-fragment=\"1\">-Tickets together guaranteed<\/strong><br data-mce-fragment=\"1\">-Location: Pedro Bidegain Stadium (Buenos Aires)<\/span><br data-mce-fragment=\"1\"><span data-mce-fragment=\"1\">-Date: July 20<\/span><br data-mce-fragment=\"1\"><span data-mce-fragment=\"1\">-Competition: Primera División Argentina<\/span><br data-mce-fragment=\"1\"><span data-mce-fragment=\"1\">-Delivery: Depending on the match your tickets will be delivered by email or in person by a local guide.<\/span><br data-mce-fragment=\"1\">\n<\/div>\n<div data-mce-fragment=\"1\"><span data-mce-fragment=\"1\"> <\/span><\/div>\n<p data-mce-fragment=\"1\"><span data-mce-fragment=\"1\">For more information contact us: <a href=\"mailto:sales@footballhost.com\" target=\"_blank\" data-mce-href=\"mailto:sales@footballhost.com\" data-mce-fragment=\"1\">sales@24x7tickets.com<\/a> \/\/ (+34) 685 23 01 20<\/span><\/p>",
          "vendor": "Football Host",
          "product_type": "Tickets",
          "created_at": "2022-06-15T10:02:03+02:00",
          "handle": "san-lorenzo-union-primera-division-argentina-tickets",
          "updated_at": "2022-06-16T12:25:34+02:00",
          "published_at": "2022-06-15T10:02:02+02:00",
          "template_suffix": "",
          "status": "active",
          "published_scope": "web",
          "tags": "",
          "admin_graphql_api_id": "gid:\/\/shopify\/Product\/7753027289321",
          "variants": [
            {
              "id": 43233174126825,
              "product_id": 7753027289321,
              "title": "Shortside Standard",
              "price": 120,
              "sku": "20220626SANLOR04",
              "position": 1,
              "inventory_policy": "deny",
              "compare_at_price": 0,
              "fulfillment_service": "manual",
              "inventory_management": "shopify",
              "option1": "Shortside Standard",
              "option2": null,
              "option3": null,
              "created_at": "2022-06-15T10:02:03+02:00",
              "updated_at": "2022-06-16T12:25:34+02:00",
              "taxable": true,
              "barcode": null,
              "grams": 0,
              "image_id": 37847909400809,
              "weight": 0,
              "weight_unit": "kg",
              "inventory_item_id": 45328589095145,
              "inventory_quantity": 0,
              "old_inventory_quantity": 0,
              "requires_shipping": true,
              "admin_graphql_api_id": "gid:\/\/shopify\/ProductVariant\/43233174126825",
              "percent_sale": 0
            },
            {
              "id": 43233174159593,
              "product_id": 7753027289321,
              "title": "Longside Standard",
              "price": 176,
              "sku": "20220626SANLOR02",
              "position": 2,
              "inventory_policy": "deny",
              "compare_at_price": 0,
              "fulfillment_service": "manual",
              "inventory_management": "shopify",
              "option1": "Longside Standard",
              "option2": null,
              "option3": null,
              "created_at": "2022-06-15T10:02:03+02:00",
              "updated_at": "2022-06-16T12:25:34+02:00",
              "taxable": true,
              "barcode": null,
              "grams": 0,
              "image_id": 37847909597417,
              "weight": 0,
              "weight_unit": "kg",
              "inventory_item_id": 45328589127913,
              "inventory_quantity": 10,
              "old_inventory_quantity": 10,
              "requires_shipping": true,
              "admin_graphql_api_id": "gid:\/\/shopify\/ProductVariant\/43233174159593",
              "percent_sale": 0
            }
          ],
          "options": [
            {
              "id": 9848998428905,
              "product_id": 7753027289321,
              "name": "Category",
              "position": 1,
              "values": [
                "Shortside Standard",
                "Longside Standard"
              ],
              "label": "Category",
              "key": "category",
              "value": "Category"
            }
          ],
          "images": [
            {
              "id": 37847909400809,
              "product_id": 7753027289321,
              "position": 1,
              "created_at": "2022-06-16T12:25:22+02:00",
              "updated_at": "2022-06-16T12:25:22+02:00",
              "alt": null,
              "width": 644,
              "height": 600,
              "src": "https:\/\/cdn.shopify.com\/s\/files\/1\/0601\/3855\/3577\/products\/shortside_standard_972feaf6-6c4b-4021-bb4d-b8febdb65836.jpg?v=1655375122",
              "variant_ids": [
                43233174126825
              ],
              "admin_graphql_api_id": "gid:\/\/shopify\/ProductImage\/37847909400809"
            },
            {
              "id": 37847909597417,
              "product_id": 7753027289321,
              "position": 2,
              "created_at": "2022-06-16T12:25:25+02:00",
              "updated_at": "2022-06-16T12:25:25+02:00",
              "alt": null,
              "width": 644,
              "height": 600,
              "src": "https:\/\/cdn.shopify.com\/s\/files\/1\/0601\/3855\/3577\/products\/longisde_standard_1fb26f7c-8e05-45ed-8a9f-1467cc059d78.jpg?v=1655375125",
              "variant_ids": [
                43233174159593
              ],
              "admin_graphql_api_id": "gid:\/\/shopify\/ProductImage\/37847909597417"
            }
          ],
          "image": {
            "id": 37847909400809,
            "product_id": 7753027289321,
            "position": 1,
            "created_at": "2022-06-16T12:25:22+02:00",
            "updated_at": "2022-06-16T12:25:22+02:00",
            "alt": null,
            "width": 644,
            "height": 600,
            "src": "https:\/\/cdn.shopify.com\/s\/files\/1\/0601\/3855\/3577\/products\/shortside_standard_972feaf6-6c4b-4021-bb4d-b8febdb65836.jpg?v=1655375122",
            "variant_ids": [
              43233174126825
            ],
            "admin_graphql_api_id": "gid:\/\/shopify\/ProductImage\/37847909400809"
          },
          "shop_id": "62d14708cde2092c0801f832",
          "ets_fs_type": "product",
          "order_best_selling": 9999999999,
          "collections": [
            {
              "ruleSet": null,
              "ets_fs_type": "collection",
              "description": "Team: The Club Atletico San Lorenzo de Almagro, also known as San Lorenzo, was founded on April 1, 1908 in the city of Buenos Aires, Argentina. He is considered one of the 5 great teams of his country. San Lorenzo has more than 20 titles in his history: many local championships, 2 national cups. Internationally has 1 Copa Libertadores, 1 Sudamericana and 1 Mercosur. Buy your San Lorenzo tickets and experience the argentinian football like never before. Stadium: The Pedro Bidegain stadium, popularly known as \"El Nuevo Gasometro\", is located in the City of Buenos Aires and has a capacity of 47,964 spectators.Get your Pedro Bidegain tickets and enjoy the match with local fans. Definetely, your best football experience!",
              "products_count": 5,
              "handle": "san-lorenzo-tickets-experiences",
              "title": "San Lorenzo Tickets & Experiences",
              "fs_collection_type": "custom_collection",
              "shop_id": "62d14708cde2092c0801f832",
              "admin_graphql_api_id": "gid:\/\/shopify\/Collection\/405633466601",
              "descriptionHtml": "<h2 style=\"text-align: left;\"><span data-mce-fragment=\"1\">Team:<\/span><\/h2>\n<p style=\"text-align: left;\"><span data-mce-fragment=\"1\">The <\/span><strong data-mce-fragment=\"1\">Club Atletico San Lorenzo de Almagro<\/strong><span data-mce-fragment=\"1\">, also known as<\/span><strong data-mce-fragment=\"1\"><span data-mce-fragment=\"1\"> <\/span>San Lorenzo<\/strong><span data-mce-fragment=\"1\">, was founded on April 1, 1908 in the city of<\/span><strong data-mce-fragment=\"1\"><span data-mce-fragment=\"1\"> <\/span><\/strong>Buenos Aires<span data-mce-fragment=\"1\">, Argentina. He is considered one of the 5 great teams of his country. San Lorenzo<\/span><strong data-mce-fragment=\"1\"><span data-mce-fragment=\"1\"> <\/span><\/strong><span data-mce-fragment=\"1\">has more than 20 titles in his history: many local championships, 2 national cups. Internationally has <\/span><strong data-mce-fragment=\"1\">1 Copa Libertadores<\/strong><span data-mce-fragment=\"1\">, 1 Sudamericana and 1 Mercosur.<\/span><\/p>\n<p style=\"text-align: left;\"><span data-mce-fragment=\"1\">Buy your <strong>San Lorenzo tickets<\/strong> and experience the argentinian football like never before.<\/span><\/p>\n<h2 style=\"text-align: left;\"><span data-mce-fragment=\"1\">Stadium:<\/span><\/h2>\n<p style=\"text-align: left;\">The Pedro Bidegain stadium, popularly known as \"<strong>El Nuevo Gasometro<\/strong>\", is located in the City of Buenos Aires and has a capacity of 47,964 spectators.<br><br>Get your <strong>Pedro Bidegain<\/strong><strong> tickets<\/strong> and enjoy the match with local fans. Definetely,<b> <\/b>your best<strong data-mce-fragment=\"1\"> football experience<\/strong>!<\/p>",
              "id": "405633466601",
              "productsCount": 5,
              "total_products": 5,
              "updatedAt": "2022-06-16T07:28:54Z",
              "status": "active"
            },
            {
              "ruleSet": {
                "appliedDisjunctively": true
              },
              "ets_fs_type": "collection",
              "description": "",
              "products_count": 78,
              "handle": "ets-fs-best-selling-products",
              "title": "Best selling products (DO NOT DELETE)",
              "fs_collection_type": "smart_collection",
              "shop_id": "62d14708cde2092c0801f832",
              "admin_graphql_api_id": "gid:\/\/shopify\/Collection\/407725605097",
              "descriptionHtml": "",
              "id": "407725605097",
              "productsCount": 78,
              "total_products": 78,
              "updatedAt": "2022-07-15T12:10:48Z",
              "status": "active"
            }
          ]
        }
      ]
    },
    "filters": [
      {
        "user_id": "62d14708cde2092c0801f832",
        "filter_information": {
          "active": 1,
          "show_out_of_stock": 0,
          "filter_name": "Tickets\/Experiences",
          "collection_applied": [
            "404858110185"
          ]
        },
        "list_filter_options": [
          {
            "filter_type": "type",
            "filter_enable": true,
            "filter_label": "Type",
            "filter_description": "test",
            "filter_display_type": "checkbox",
            "filter_sort_by": "most_product",
            "filter_uppercase_values": 0,
            "filter_ranger_price": {
              "ranger": 1,
              "step": 1,
              "delimiter": ",",
              "show_ranger": true,
              "from": "",
              "to": 995
            },
            "filter_ranger_weight": {
              "ranger": 1,
              "step": 1,
              "delimiter": ",",
              "show_ranger": true,
              "from": "",
              "to": ""
            },
            "filter_percent_sale": [
              {
                "from": 10,
                "to": ""
              }
            ],
            "filter_stock_status": {
              "instock": "In-stock",
              "outStock": "Out of stock"
            },
            "filter_color_start": "#FFD117",
            "filter_option_value": [

            ],
            "filter_option_value_type": "text",
            "filter_swatch_style": "square",
            "filter_vendors_applied": [

            ],
            "filter_types_applied": [
              "experiences",
              "tickets"
            ],
            "filter_tags_applied": [

            ],
            "filter_type_default": 1,
            "filter_collection_applied": [

            ],
            "filter_collection_behavior": "default",
            "filter_position": 0,
            "id_option_filter": 1,
            "filter_list": [
              {
                "label": "Tickets",
                "value": "Tickets",
                "key": "tickets",
                "total_products": 33,
                "title": "Tickets",
                "id": "Tickets"
              },
              {
                "label": "Experiences",
                "value": "Experiences",
                "key": "experiences",
                "total_products": 1,
                "title": "Experiences",
                "id": "Experiences"
              }
            ],
            "filter_type_key": "list"
          }
        ],
        "updated_at": "2022-07-18T10:11:48.853000Z",
        "created_at": "2022-07-18T10:07:48.485000Z",
        "id": "62d530f4b24fbfe0c8021b52"
      }
    ]
  }
}