{
  "expired_at": 1660555600,
  "time_zone": "UTC",
  "data": {
    "paginate": {
      "total": 3,
      "per_page": "12",
      "current_page": 1,
      "last_page": 1,
      "data": [
        {
          "id": 7753309913321,
          "title": "Huracán vs Gimnasia Tickets",
          "body_html": "<p><strong>-Official tickets<\/strong><br><strong> -Tickets together guaranteed<\/strong><br> -Location: Tomas Adolfo Duco (Buenos Aires)<br> -Date: July 31<br> -Competition: Primera División Argentina<br> -Delivery: Depending on the match your tickets will be delivered by email or in person by a local guide.<br> <br> For more information contact us: sales@24x7tickets.com \/\/ (+34) 685 23 01 20<\/p>",
          "vendor": "Football Host",
          "product_type": "Tickets",
          "created_at": "2022-06-15T13:56:20+02:00",
          "handle": "huracan-gimnasia-primera-division-argentina-tickets",
          "updated_at": "2022-06-16T12:29:06+02:00",
          "published_at": "2022-06-15T13:56:19+02:00",
          "template_suffix": "",
          "status": "active",
          "published_scope": "web",
          "tags": "Tickets",
          "admin_graphql_api_id": "gid:\/\/shopify\/Product\/7753309913321",
          "variants": [
            {
              "id": 43234060173545,
              "product_id": 7753309913321,
              "title": "Shortside Standard",
              "price": 120,
              "sku": "20220731HUR04",
              "position": 1,
              "inventory_policy": "deny",
              "compare_at_price": 0,
              "fulfillment_service": "manual",
              "inventory_management": "shopify",
              "option1": "Shortside Standard",
              "option2": null,
              "option3": null,
              "created_at": "2022-06-15T13:56:21+02:00",
              "updated_at": "2022-06-16T12:29:06+02:00",
              "taxable": true,
              "barcode": null,
              "grams": 0,
              "image_id": 37847919329513,
              "weight": 0,
              "weight_unit": "kg",
              "inventory_item_id": 45329477042409,
              "inventory_quantity": 0,
              "old_inventory_quantity": 0,
              "requires_shipping": true,
              "admin_graphql_api_id": "gid:\/\/shopify\/ProductVariant\/43234060173545",
              "percent_sale": 0
            },
            {
              "id": 43234060206313,
              "product_id": 7753309913321,
              "title": "Longside Standard",
              "price": 176,
              "sku": "20220731HUR02",
              "position": 2,
              "inventory_policy": "deny",
              "compare_at_price": 0,
              "fulfillment_service": "manual",
              "inventory_management": "shopify",
              "option1": "Longside Standard",
              "option2": null,
              "option3": null,
              "created_at": "2022-06-15T13:56:21+02:00",
              "updated_at": "2022-06-16T12:29:06+02:00",
              "taxable": true,
              "barcode": null,
              "grams": 0,
              "image_id": 37847919362281,
              "weight": 0,
              "weight_unit": "kg",
              "inventory_item_id": 45329477075177,
              "inventory_quantity": 10,
              "old_inventory_quantity": 10,
              "requires_shipping": true,
              "admin_graphql_api_id": "gid:\/\/shopify\/ProductVariant\/43234060206313",
              "percent_sale": 0
            }
          ],
          "options": [
            {
              "id": 9849342525673,
              "product_id": 7753309913321,
              "name": "Category",
              "position": 1,
              "values": [
                "Shortside Standard",
                "Longside Standard"
              ],
              "label": "Category",
              "key": "category",
              "value": "Category"
            }
          ],
          "images": [
            {
              "id": 37847919329513,
              "product_id": 7753309913321,
              "position": 1,
              "created_at": "2022-06-16T12:28:48+02:00",
              "updated_at": "2022-06-16T12:28:48+02:00",
              "alt": null,
              "width": 644,
              "height": 600,
              "src": "https:\/\/cdn.shopify.com\/s\/files\/1\/0601\/3855\/3577\/products\/shortside_standard_b69bc648-b409-4298-b218-6066e7e0f713.jpg?v=1655375328",
              "variant_ids": [
                43234060173545
              ],
              "admin_graphql_api_id": "gid:\/\/shopify\/ProductImage\/37847919329513"
            },
            {
              "id": 37847919362281,
              "product_id": 7753309913321,
              "position": 2,
              "created_at": "2022-06-16T12:28:51+02:00",
              "updated_at": "2022-06-16T12:28:51+02:00",
              "alt": null,
              "width": 644,
              "height": 600,
              "src": "https:\/\/cdn.shopify.com\/s\/files\/1\/0601\/3855\/3577\/products\/longisde_standard_83820191-979d-4beb-a0f9-10cffabca5c0.jpg?v=1655375331",
              "variant_ids": [
                43234060206313
              ],
              "admin_graphql_api_id": "gid:\/\/shopify\/ProductImage\/37847919362281"
            }
          ],
          "image": {
            "id": 37847919329513,
            "product_id": 7753309913321,
            "position": 1,
            "created_at": "2022-06-16T12:28:48+02:00",
            "updated_at": "2022-06-16T12:28:48+02:00",
            "alt": null,
            "width": 644,
            "height": 600,
            "src": "https:\/\/cdn.shopify.com\/s\/files\/1\/0601\/3855\/3577\/products\/shortside_standard_b69bc648-b409-4298-b218-6066e7e0f713.jpg?v=1655375328",
            "variant_ids": [
              43234060173545
            ],
            "admin_graphql_api_id": "gid:\/\/shopify\/ProductImage\/37847919329513"
          },
          "shop_id": "62d14708cde2092c0801f832",
          "ets_fs_type": "product",
          "order_best_selling": 9999999999,
          "collections": [
            {
              "ruleSet": null,
              "ets_fs_type": "collection",
              "description": "Team: The Club Atlético Huracán, also known as Huracán, is a team founded on November 1, 1908 in Parque Patricios, city of Buenos Aires. It is one of the largest teams in the República Argentina. Huracán has 5 Argentine First Division Championships (Asociación Argentina 1921, 1922 y 1925, Asociación Amateurs Argentina 1928 and Metropolitano 1973), 8 National Cups (Stimulus 1920, Ibarguren 1922 and 1925, Escobar 1942 and 1943, British Competition 1944, Argentina Cup 2014 and Argentina Super Cup 2014). Buy your Huracán Tickets and live the full experience with a local fan. Stadium: The Tomás Adolfo Ducó stadium, popularly known as El Palacio, was opened in 1947 between the streets Amancio Alcorta and Luna, in a match against Boca Juniors. The capacity of the stadium is 48,000 spectators.Get your Huracan experience and enjoy the best football with local fans.",
              "products_count": 3,
              "handle": "huracan-tickets-experiences",
              "title": "Huracan Tickets & Experiences",
              "fs_collection_type": "custom_collection",
              "shop_id": "62d14708cde2092c0801f832",
              "admin_graphql_api_id": "gid:\/\/shopify\/Collection\/405642903785",
              "descriptionHtml": "<h2 style=\"text-align: left;\"><span data-mce-fragment=\"1\">Team:<\/span><\/h2>\n<p style=\"text-align: left;\"><span data-mce-fragment=\"1\">The <\/span><strong data-mce-fragment=\"1\">Club Atlético Huracán<\/strong><span data-mce-fragment=\"1\">, also known as <\/span>Huracán, is a team founded on November 1, 1908 in Parque Patricios, city of Buenos Aires.<\/p>\n<p style=\"text-align: left;\"><span data-mce-fragment=\"1\">It is one of the largest teams in the República Argentina. Huracán has 5 Argentine First Division Championships (Asociación Argentina 1921, 1922 y 1925, Asociación Amateurs Argentina 1928 and Metropolitano 1973), 8 National Cups (Stimulus 1920, Ibarguren 1922 and 1925, Escobar 1942 and 1943, British Competition 1944, Argentina Cup 2014 and Argentina Super Cup 2014).<\/span><\/p>\n<p style=\"text-align: left;\"><span data-mce-fragment=\"1\">Buy your <strong>Huracán Tickets<\/strong> and live the full experience with a local fan.<\/span><\/p>\n<h2 style=\"text-align: left;\"><span data-mce-fragment=\"1\">Stadium:<\/span><\/h2>\n<p style=\"text-align: left;\"><span>The<\/span><strong><span> <\/span>Tomás Adolfo Ducó stadium<\/strong><span>, popularly known as <\/span><em>El Palacio<\/em><span>, was opened in 1947 between the streets<\/span><strong> <\/strong>Amancio Alcorta and Luna, in a match against Boca Juniors<span>. The capacity of the stadium is 48,000 spectators.<\/span><br><br><span>Get your<\/span><strong> Huracan experience<\/strong><span> and enjoy the best football with local fans.<\/span><\/p>",
              "id": "405642903785",
              "productsCount": 3,
              "total_products": 3,
              "updatedAt": "2022-06-16T07:34:22Z",
              "status": "active"
            },
            {
              "ruleSet": {
                "appliedDisjunctively": true
              },
              "ets_fs_type": "collection",
              "description": "",
              "products_count": 78,
              "handle": "ets-fs-best-selling-products",
              "title": "Best selling products (DO NOT DELETE)",
              "fs_collection_type": "smart_collection",
              "shop_id": "62d14708cde2092c0801f832",
              "admin_graphql_api_id": "gid:\/\/shopify\/Collection\/407725605097",
              "descriptionHtml": "",
              "id": "407725605097",
              "productsCount": 78,
              "total_products": 78,
              "updatedAt": "2022-07-15T12:10:48Z",
              "status": "active"
            }
          ]
        },
        {
          "id": 7753309847785,
          "title": "Huracán vs Godoy Cruz Tickets",
          "body_html": "<p><strong>-Official tickets<\/strong><br><strong> -Tickets together guaranteed<\/strong><br> -Location: Tomas Adolfo Duco (Buenos Aires)<br> -Date: July 20<br> -Competition: Primera División Argentina<br> -Delivery: Depending on the match your tickets will be delivered by email or in person by a local guide.<br> <br> For more information contact us: sales@24x7tickets.com \/\/ (+34) 685 23 01 20<\/p>",
          "vendor": "Football Host",
          "product_type": "Tickets",
          "created_at": "2022-06-15T13:56:18+02:00",
          "handle": "huracan-godoy-cruz-primera-division-argentina-tickets",
          "updated_at": "2022-06-16T12:29:33+02:00",
          "published_at": "2022-06-15T13:56:17+02:00",
          "template_suffix": "",
          "status": "active",
          "published_scope": "web",
          "tags": "Tickets",
          "admin_graphql_api_id": "gid:\/\/shopify\/Product\/7753309847785",
          "variants": [
            {
              "id": 43234060042473,
              "product_id": 7753309847785,
              "title": "Shortside Standard",
              "price": 120,
              "sku": "20220720HUR04",
              "position": 1,
              "inventory_policy": "deny",
              "compare_at_price": 0,
              "fulfillment_service": "manual",
              "inventory_management": "shopify",
              "option1": "Shortside Standard",
              "option2": null,
              "option3": null,
              "created_at": "2022-06-15T13:56:19+02:00",
              "updated_at": "2022-06-16T12:29:33+02:00",
              "taxable": true,
              "barcode": null,
              "grams": 0,
              "image_id": 37847921328361,
              "weight": 0,
              "weight_unit": "kg",
              "inventory_item_id": 45329476944105,
              "inventory_quantity": 0,
              "old_inventory_quantity": 0,
              "requires_shipping": true,
              "admin_graphql_api_id": "gid:\/\/shopify\/ProductVariant\/43234060042473",
              "percent_sale": 0
            },
            {
              "id": 43234060075241,
              "product_id": 7753309847785,
              "title": "Longside Standard",
              "price": 176,
              "sku": "20220720HUR02",
              "position": 2,
              "inventory_policy": "deny",
              "compare_at_price": 0,
              "fulfillment_service": "manual",
              "inventory_management": "shopify",
              "option1": "Longside Standard",
              "option2": null,
              "option3": null,
              "created_at": "2022-06-15T13:56:19+02:00",
              "updated_at": "2022-06-16T12:29:33+02:00",
              "taxable": true,
              "barcode": null,
              "grams": 0,
              "image_id": 37847921983721,
              "weight": 0,
              "weight_unit": "kg",
              "inventory_item_id": 45329476976873,
              "inventory_quantity": 10,
              "old_inventory_quantity": 10,
              "requires_shipping": true,
              "admin_graphql_api_id": "gid:\/\/shopify\/ProductVariant\/43234060075241",
              "percent_sale": 0
            }
          ],
          "options": [
            {
              "id": 9849342460137,
              "product_id": 7753309847785,
              "name": "Category",
              "position": 1,
              "values": [
                "Shortside Standard",
                "Longside Standard"
              ],
              "label": "Category",
              "key": "category",
              "value": "Category"
            }
          ],
          "images": [
            {
              "id": 37847921328361,
              "product_id": 7753309847785,
              "position": 1,
              "created_at": "2022-06-16T12:29:18+02:00",
              "updated_at": "2022-06-16T12:29:18+02:00",
              "alt": null,
              "width": 644,
              "height": 600,
              "src": "https:\/\/cdn.shopify.com\/s\/files\/1\/0601\/3855\/3577\/products\/shortside_standard_11a360d8-a54f-4b5b-b20f-a04d799d4131.jpg?v=1655375358",
              "variant_ids": [
                43234060042473
              ],
              "admin_graphql_api_id": "gid:\/\/shopify\/ProductImage\/37847921328361"
            },
            {
              "id": 37847921983721,
              "product_id": 7753309847785,
              "position": 2,
              "created_at": "2022-06-16T12:29:23+02:00",
              "updated_at": "2022-06-16T12:29:23+02:00",
              "alt": null,
              "width": 644,
              "height": 600,
              "src": "https:\/\/cdn.shopify.com\/s\/files\/1\/0601\/3855\/3577\/products\/longisde_standard_d70b2843-38e8-4b4b-a0c7-556a9a33b92f.jpg?v=1655375363",
              "variant_ids": [
                43234060075241
              ],
              "admin_graphql_api_id": "gid:\/\/shopify\/ProductImage\/37847921983721"
            }
          ],
          "image": {
            "id": 37847921328361,
            "product_id": 7753309847785,
            "position": 1,
            "created_at": "2022-06-16T12:29:18+02:00",
            "updated_at": "2022-06-16T12:29:18+02:00",
            "alt": null,
            "width": 644,
            "height": 600,
            "src": "https:\/\/cdn.shopify.com\/s\/files\/1\/0601\/3855\/3577\/products\/shortside_standard_11a360d8-a54f-4b5b-b20f-a04d799d4131.jpg?v=1655375358",
            "variant_ids": [
              43234060042473
            ],
            "admin_graphql_api_id": "gid:\/\/shopify\/ProductImage\/37847921328361"
          },
          "shop_id": "62d14708cde2092c0801f832",
          "ets_fs_type": "product",
          "order_best_selling": 9999999999,
          "collections": [
            {
              "ruleSet": null,
              "ets_fs_type": "collection",
              "description": "Team: The Club Atlético Huracán, also known as Huracán, is a team founded on November 1, 1908 in Parque Patricios, city of Buenos Aires. It is one of the largest teams in the República Argentina. Huracán has 5 Argentine First Division Championships (Asociación Argentina 1921, 1922 y 1925, Asociación Amateurs Argentina 1928 and Metropolitano 1973), 8 National Cups (Stimulus 1920, Ibarguren 1922 and 1925, Escobar 1942 and 1943, British Competition 1944, Argentina Cup 2014 and Argentina Super Cup 2014). Buy your Huracán Tickets and live the full experience with a local fan. Stadium: The Tomás Adolfo Ducó stadium, popularly known as El Palacio, was opened in 1947 between the streets Amancio Alcorta and Luna, in a match against Boca Juniors. The capacity of the stadium is 48,000 spectators.Get your Huracan experience and enjoy the best football with local fans.",
              "products_count": 3,
              "handle": "huracan-tickets-experiences",
              "title": "Huracan Tickets & Experiences",
              "fs_collection_type": "custom_collection",
              "shop_id": "62d14708cde2092c0801f832",
              "admin_graphql_api_id": "gid:\/\/shopify\/Collection\/405642903785",
              "descriptionHtml": "<h2 style=\"text-align: left;\"><span data-mce-fragment=\"1\">Team:<\/span><\/h2>\n<p style=\"text-align: left;\"><span data-mce-fragment=\"1\">The <\/span><strong data-mce-fragment=\"1\">Club Atlético Huracán<\/strong><span data-mce-fragment=\"1\">, also known as <\/span>Huracán, is a team founded on November 1, 1908 in Parque Patricios, city of Buenos Aires.<\/p>\n<p style=\"text-align: left;\"><span data-mce-fragment=\"1\">It is one of the largest teams in the República Argentina. Huracán has 5 Argentine First Division Championships (Asociación Argentina 1921, 1922 y 1925, Asociación Amateurs Argentina 1928 and Metropolitano 1973), 8 National Cups (Stimulus 1920, Ibarguren 1922 and 1925, Escobar 1942 and 1943, British Competition 1944, Argentina Cup 2014 and Argentina Super Cup 2014).<\/span><\/p>\n<p style=\"text-align: left;\"><span data-mce-fragment=\"1\">Buy your <strong>Huracán Tickets<\/strong> and live the full experience with a local fan.<\/span><\/p>\n<h2 style=\"text-align: left;\"><span data-mce-fragment=\"1\">Stadium:<\/span><\/h2>\n<p style=\"text-align: left;\"><span>The<\/span><strong><span> <\/span>Tomás Adolfo Ducó stadium<\/strong><span>, popularly known as <\/span><em>El Palacio<\/em><span>, was opened in 1947 between the streets<\/span><strong> <\/strong>Amancio Alcorta and Luna, in a match against Boca Juniors<span>. The capacity of the stadium is 48,000 spectators.<\/span><br><br><span>Get your<\/span><strong> Huracan experience<\/strong><span> and enjoy the best football with local fans.<\/span><\/p>",
              "id": "405642903785",
              "productsCount": 3,
              "total_products": 3,
              "updatedAt": "2022-06-16T07:34:22Z",
              "status": "active"
            },
            {
              "ruleSet": {
                "appliedDisjunctively": true
              },
              "ets_fs_type": "collection",
              "description": "",
              "products_count": 78,
              "handle": "ets-fs-best-selling-products",
              "title": "Best selling products (DO NOT DELETE)",
              "fs_collection_type": "smart_collection",
              "shop_id": "62d14708cde2092c0801f832",
              "admin_graphql_api_id": "gid:\/\/shopify\/Collection\/407725605097",
              "descriptionHtml": "",
              "id": "407725605097",
              "productsCount": 78,
              "total_products": 78,
              "updatedAt": "2022-07-15T12:10:48Z",
              "status": "active"
            }
          ]
        },
        {
          "id": 7753309782249,
          "title": "Huracán vs River Plate Tickets",
          "body_html": "<p><strong>-Official tickets<\/strong><br><strong> -Tickets together guarantee<\/strong>d<br> -Location: Tomas Adolfo Duco (Buenos Aires)<br> -Date: July 3<br> -Competition: Primera División Argentina<br> -Delivery: Depending on the match your tickets will be delivered by email or in person by a local guide.<br> <br> For more information contact us: sales@24x7tickets.com \/\/ (+34) 685 23 01 20<\/p>",
          "vendor": "Football Host",
          "product_type": "Tickets",
          "created_at": "2022-06-15T13:56:16+02:00",
          "handle": "huracan-river-plate-primera-division-argentina-tickets",
          "updated_at": "2022-06-16T12:30:00+02:00",
          "published_at": "2022-06-15T13:56:15+02:00",
          "template_suffix": "",
          "status": "active",
          "published_scope": "web",
          "tags": "Tickets",
          "admin_graphql_api_id": "gid:\/\/shopify\/Product\/7753309782249",
          "variants": [
            {
              "id": 43234059976937,
              "product_id": 7753309782249,
              "title": "Shortside Standard",
              "price": 180,
              "sku": "20220703HUR04",
              "position": 1,
              "inventory_policy": "deny",
              "compare_at_price": 0,
              "fulfillment_service": "manual",
              "inventory_management": "shopify",
              "option1": "Shortside Standard",
              "option2": null,
              "option3": null,
              "created_at": "2022-06-15T13:56:16+02:00",
              "updated_at": "2022-06-16T12:30:00+02:00",
              "taxable": true,
              "barcode": null,
              "grams": 0,
              "image_id": 37847925031145,
              "weight": 0,
              "weight_unit": "kg",
              "inventory_item_id": 45329476845801,
              "inventory_quantity": 0,
              "old_inventory_quantity": 0,
              "requires_shipping": true,
              "admin_graphql_api_id": "gid:\/\/shopify\/ProductVariant\/43234059976937",
              "percent_sale": 0
            },
            {
              "id": 43234060009705,
              "product_id": 7753309782249,
              "title": "Longside Standard",
              "price": 240,
              "sku": "20220703HUR02",
              "position": 2,
              "inventory_policy": "deny",
              "compare_at_price": 0,
              "fulfillment_service": "manual",
              "inventory_management": "shopify",
              "option1": "Longside Standard",
              "option2": null,
              "option3": null,
              "created_at": "2022-06-15T13:56:17+02:00",
              "updated_at": "2022-06-16T12:30:00+02:00",
              "taxable": true,
              "barcode": null,
              "grams": 0,
              "image_id": 37847925129449,
              "weight": 0,
              "weight_unit": "kg",
              "inventory_item_id": 45329476878569,
              "inventory_quantity": 10,
              "old_inventory_quantity": 10,
              "requires_shipping": true,
              "admin_graphql_api_id": "gid:\/\/shopify\/ProductVariant\/43234060009705",
              "percent_sale": 0
            }
          ],
          "options": [
            {
              "id": 9849342394601,
              "product_id": 7753309782249,
              "name": "Category",
              "position": 1,
              "values": [
                "Shortside Standard",
                "Longside Standard"
              ],
              "label": "Category",
              "key": "category",
              "value": "Category"
            }
          ],
          "images": [
            {
              "id": 37847925031145,
              "product_id": 7753309782249,
              "position": 1,
              "created_at": "2022-06-16T12:29:50+02:00",
              "updated_at": "2022-06-16T12:29:50+02:00",
              "alt": null,
              "width": 644,
              "height": 600,
              "src": "https:\/\/cdn.shopify.com\/s\/files\/1\/0601\/3855\/3577\/products\/shortside_standard_1248f4de-0847-49b2-a478-e995a411d781.jpg?v=1655375390",
              "variant_ids": [
                43234059976937
              ],
              "admin_graphql_api_id": "gid:\/\/shopify\/ProductImage\/37847925031145"
            },
            {
              "id": 37847925129449,
              "product_id": 7753309782249,
              "position": 2,
              "created_at": "2022-06-16T12:29:53+02:00",
              "updated_at": "2022-06-16T12:29:53+02:00",
              "alt": null,
              "width": 644,
              "height": 600,
              "src": "https:\/\/cdn.shopify.com\/s\/files\/1\/0601\/3855\/3577\/products\/longisde_standard_8d5ba24f-f852-47cc-8734-a1a4b26a2aff.jpg?v=1655375393",
              "variant_ids": [
                43234060009705
              ],
              "admin_graphql_api_id": "gid:\/\/shopify\/ProductImage\/37847925129449"
            }
          ],
          "image": {
            "id": 37847925031145,
            "product_id": 7753309782249,
            "position": 1,
            "created_at": "2022-06-16T12:29:50+02:00",
            "updated_at": "2022-06-16T12:29:50+02:00",
            "alt": null,
            "width": 644,
            "height": 600,
            "src": "https:\/\/cdn.shopify.com\/s\/files\/1\/0601\/3855\/3577\/products\/shortside_standard_1248f4de-0847-49b2-a478-e995a411d781.jpg?v=1655375390",
            "variant_ids": [
              43234059976937
            ],
            "admin_graphql_api_id": "gid:\/\/shopify\/ProductImage\/37847925031145"
          },
          "shop_id": "62d14708cde2092c0801f832",
          "ets_fs_type": "product",
          "order_best_selling": 9999999999,
          "collections": [
            {
              "ruleSet": null,
              "ets_fs_type": "collection",
              "description": "Team: The Club Atlético Huracán, also known as Huracán, is a team founded on November 1, 1908 in Parque Patricios, city of Buenos Aires. It is one of the largest teams in the República Argentina. Huracán has 5 Argentine First Division Championships (Asociación Argentina 1921, 1922 y 1925, Asociación Amateurs Argentina 1928 and Metropolitano 1973), 8 National Cups (Stimulus 1920, Ibarguren 1922 and 1925, Escobar 1942 and 1943, British Competition 1944, Argentina Cup 2014 and Argentina Super Cup 2014). Buy your Huracán Tickets and live the full experience with a local fan. Stadium: The Tomás Adolfo Ducó stadium, popularly known as El Palacio, was opened in 1947 between the streets Amancio Alcorta and Luna, in a match against Boca Juniors. The capacity of the stadium is 48,000 spectators.Get your Huracan experience and enjoy the best football with local fans.",
              "products_count": 3,
              "handle": "huracan-tickets-experiences",
              "title": "Huracan Tickets & Experiences",
              "fs_collection_type": "custom_collection",
              "shop_id": "62d14708cde2092c0801f832",
              "admin_graphql_api_id": "gid:\/\/shopify\/Collection\/405642903785",
              "descriptionHtml": "<h2 style=\"text-align: left;\"><span data-mce-fragment=\"1\">Team:<\/span><\/h2>\n<p style=\"text-align: left;\"><span data-mce-fragment=\"1\">The <\/span><strong data-mce-fragment=\"1\">Club Atlético Huracán<\/strong><span data-mce-fragment=\"1\">, also known as <\/span>Huracán, is a team founded on November 1, 1908 in Parque Patricios, city of Buenos Aires.<\/p>\n<p style=\"text-align: left;\"><span data-mce-fragment=\"1\">It is one of the largest teams in the República Argentina. Huracán has 5 Argentine First Division Championships (Asociación Argentina 1921, 1922 y 1925, Asociación Amateurs Argentina 1928 and Metropolitano 1973), 8 National Cups (Stimulus 1920, Ibarguren 1922 and 1925, Escobar 1942 and 1943, British Competition 1944, Argentina Cup 2014 and Argentina Super Cup 2014).<\/span><\/p>\n<p style=\"text-align: left;\"><span data-mce-fragment=\"1\">Buy your <strong>Huracán Tickets<\/strong> and live the full experience with a local fan.<\/span><\/p>\n<h2 style=\"text-align: left;\"><span data-mce-fragment=\"1\">Stadium:<\/span><\/h2>\n<p style=\"text-align: left;\"><span>The<\/span><strong><span> <\/span>Tomás Adolfo Ducó stadium<\/strong><span>, popularly known as <\/span><em>El Palacio<\/em><span>, was opened in 1947 between the streets<\/span><strong> <\/strong>Amancio Alcorta and Luna, in a match against Boca Juniors<span>. The capacity of the stadium is 48,000 spectators.<\/span><br><br><span>Get your<\/span><strong> Huracan experience<\/strong><span> and enjoy the best football with local fans.<\/span><\/p>",
              "id": "405642903785",
              "productsCount": 3,
              "total_products": 3,
              "updatedAt": "2022-06-16T07:34:22Z",
              "status": "active"
            },
            {
              "ruleSet": {
                "appliedDisjunctively": true
              },
              "ets_fs_type": "collection",
              "description": "",
              "products_count": 78,
              "handle": "ets-fs-best-selling-products",
              "title": "Best selling products (DO NOT DELETE)",
              "fs_collection_type": "smart_collection",
              "shop_id": "62d14708cde2092c0801f832",
              "admin_graphql_api_id": "gid:\/\/shopify\/Collection\/407725605097",
              "descriptionHtml": "",
              "id": "407725605097",
              "productsCount": 78,
              "total_products": 78,
              "updatedAt": "2022-07-15T12:10:48Z",
              "status": "active"
            }
          ]
        }
      ]
    },
    "filters": [
      {
        "user_id": "62d14708cde2092c0801f832",
        "filter_information": {
          "active": 1,
          "show_out_of_stock": 0,
          "filter_name": "Tickets\/Experiences",
          "collection_applied": [
            "404858110185"
          ]
        },
        "list_filter_options": [
          {
            "filter_type": "type",
            "filter_enable": true,
            "filter_label": "Type",
            "filter_description": "test",
            "filter_display_type": "checkbox",
            "filter_sort_by": "most_product",
            "filter_uppercase_values": 0,
            "filter_ranger_price": {
              "ranger": 1,
              "step": 1,
              "delimiter": ",",
              "show_ranger": true,
              "from": "",
              "to": 995
            },
            "filter_ranger_weight": {
              "ranger": 1,
              "step": 1,
              "delimiter": ",",
              "show_ranger": true,
              "from": "",
              "to": ""
            },
            "filter_percent_sale": [
              {
                "from": 10,
                "to": ""
              }
            ],
            "filter_stock_status": {
              "instock": "In-stock",
              "outStock": "Out of stock"
            },
            "filter_color_start": "#FFD117",
            "filter_option_value": [

            ],
            "filter_option_value_type": "text",
            "filter_swatch_style": "square",
            "filter_vendors_applied": [

            ],
            "filter_types_applied": [
              "experiences",
              "tickets"
            ],
            "filter_tags_applied": [

            ],
            "filter_type_default": 1,
            "filter_collection_applied": [

            ],
            "filter_collection_behavior": "default",
            "filter_position": 0,
            "id_option_filter": 1,
            "filter_list": [
              {
                "label": "Tickets",
                "value": "Tickets",
                "key": "tickets",
                "total_products": 33,
                "title": "Tickets",
                "id": "Tickets"
              },
              {
                "label": "Experiences",
                "value": "Experiences",
                "key": "experiences",
                "total_products": 1,
                "title": "Experiences",
                "id": "Experiences"
              }
            ],
            "filter_type_key": "list"
          }
        ],
        "updated_at": "2022-07-18T10:11:48.853000Z",
        "created_at": "2022-07-18T10:07:48.485000Z",
        "id": "62d530f4b24fbfe0c8021b52"
      }
    ]
  }
}