{
  "expired_at": 1660548381,
  "time_zone": "UTC",
  "data": {
    "paginate": {
      "total": 6,
      "per_page": "12",
      "current_page": 1,
      "last_page": 1,
      "data": [
        {
          "id": 7753210691817,
          "title": "Racing Club vs Aldosivi Tickets",
          "body_html": "<p><strong>-Official tickets<\/strong><br><strong> -Tickets together guaranteed<\/strong><br> -Location: Presidente Perón Stadium (Avellaneda)<br> -Date: June 26<br> -Competition: Primera División Argentina<br> -Delivery: Depending on the match your tickets will be delivered by email or in person by a local guide.<br> <br> For more information contact us: sales@24x7tickets.com \/\/ (+34) 685 23 01 20<\/p>",
          "vendor": "Football Host",
          "product_type": "Tickets",
          "created_at": "2022-06-15T12:05:24+02:00",
          "handle": "racing-club-aldosivi-primera-division-argentina-tickets",
          "updated_at": "2022-06-16T12:07:21+02:00",
          "published_at": "2022-06-15T12:05:22+02:00",
          "template_suffix": "",
          "status": "active",
          "published_scope": "web",
          "tags": "Tickets",
          "admin_graphql_api_id": "gid:\/\/shopify\/Product\/7753210691817",
          "variants": [
            {
              "id": 43233739997417,
              "product_id": 7753210691817,
              "title": "Shortside Standard",
              "price": 120,
              "sku": "20220621RAC04",
              "position": 1,
              "inventory_policy": "deny",
              "compare_at_price": 0,
              "fulfillment_service": "manual",
              "inventory_management": "shopify",
              "option1": "Shortside Standard",
              "option2": null,
              "option3": null,
              "created_at": "2022-06-15T12:05:24+02:00",
              "updated_at": "2022-06-16T12:07:21+02:00",
              "taxable": true,
              "barcode": null,
              "grams": 0,
              "image_id": 37847823220969,
              "weight": 0,
              "weight_unit": "kg",
              "inventory_item_id": 45329156800745,
              "inventory_quantity": 0,
              "old_inventory_quantity": 0,
              "requires_shipping": true,
              "admin_graphql_api_id": "gid:\/\/shopify\/ProductVariant\/43233739997417",
              "percent_sale": 0
            },
            {
              "id": 43233740030185,
              "product_id": 7753210691817,
              "title": "Longside Standard",
              "price": 176,
              "sku": "20220621RAC02",
              "position": 2,
              "inventory_policy": "deny",
              "compare_at_price": 0,
              "fulfillment_service": "manual",
              "inventory_management": "shopify",
              "option1": "Longside Standard",
              "option2": null,
              "option3": null,
              "created_at": "2022-06-15T12:05:24+02:00",
              "updated_at": "2022-06-16T12:07:21+02:00",
              "taxable": true,
              "barcode": null,
              "grams": 0,
              "image_id": 37847822598377,
              "weight": 0,
              "weight_unit": "kg",
              "inventory_item_id": 45329156833513,
              "inventory_quantity": 10,
              "old_inventory_quantity": 10,
              "requires_shipping": true,
              "admin_graphql_api_id": "gid:\/\/shopify\/ProductVariant\/43233740030185",
              "percent_sale": 0
            }
          ],
          "options": [
            {
              "id": 9849212076265,
              "product_id": 7753210691817,
              "name": "Category",
              "position": 1,
              "values": [
                "Shortside Standard",
                "Longside Standard"
              ],
              "label": "Category",
              "key": "category",
              "value": "Category"
            }
          ],
          "images": [
            {
              "id": 37847823220969,
              "product_id": 7753210691817,
              "position": 1,
              "created_at": "2022-06-16T12:07:09+02:00",
              "updated_at": "2022-06-16T12:07:10+02:00",
              "alt": null,
              "width": 644,
              "height": 600,
              "src": "https:\/\/cdn.shopify.com\/s\/files\/1\/0601\/3855\/3577\/products\/shortside_standard_661d9f38-7b59-40f3-a371-e49e067ddaad.jpg?v=1655374030",
              "variant_ids": [
                43233739997417
              ],
              "admin_graphql_api_id": "gid:\/\/shopify\/ProductImage\/37847823220969"
            },
            {
              "id": 37847822598377,
              "product_id": 7753210691817,
              "position": 2,
              "created_at": "2022-06-16T12:07:03+02:00",
              "updated_at": "2022-06-16T12:07:10+02:00",
              "alt": null,
              "width": 644,
              "height": 600,
              "src": "https:\/\/cdn.shopify.com\/s\/files\/1\/0601\/3855\/3577\/products\/longisde_standard_126bbd88-ff58-4aa6-b130-d8937b0b5875.jpg?v=1655374030",
              "variant_ids": [
                43233740030185
              ],
              "admin_graphql_api_id": "gid:\/\/shopify\/ProductImage\/37847822598377"
            }
          ],
          "image": {
            "id": 37847823220969,
            "product_id": 7753210691817,
            "position": 1,
            "created_at": "2022-06-16T12:07:09+02:00",
            "updated_at": "2022-06-16T12:07:10+02:00",
            "alt": null,
            "width": 644,
            "height": 600,
            "src": "https:\/\/cdn.shopify.com\/s\/files\/1\/0601\/3855\/3577\/products\/shortside_standard_661d9f38-7b59-40f3-a371-e49e067ddaad.jpg?v=1655374030",
            "variant_ids": [
              43233739997417
            ],
            "admin_graphql_api_id": "gid:\/\/shopify\/ProductImage\/37847823220969"
          },
          "shop_id": "62d14708cde2092c0801f832",
          "ets_fs_type": "product",
          "order_best_selling": 9999999999,
          "collections": [
            {
              "ruleSet": null,
              "ets_fs_type": "collection",
              "description": "Team: Racing Club de Avellaneda, also known as Racing Club or simply Racing, is an Argentine sports institution founded on March 25, 1903, located in the city of Avellaneda, in Buenos Aires. The colors that identify it are the celestial and the white in honor of the patriotic colors of the Argentine Republic. In the professional era started in 1931, he won many other Argentine championships. The experience will be unique at Avellaneda. Buy your Racing Club tickets with Football Host. Stadium: The Presidente Perón stadium is the second with more capacity in the country and is located on Omar Oreste Corbatta and Mozart streets, in the Avellaneda city in the south of Gran Buenos Aires. It has a capacity of 60.000 peolple. Enjoy the complete football experience. Choose your match, choose your host, get your Racing tickets and live with the local fans the pre-match, match and post-match!",
              "products_count": 6,
              "handle": "racing-club-tickets-experiences",
              "title": "Racing Club Tickets & Experiences",
              "fs_collection_type": "custom_collection",
              "shop_id": "62d14708cde2092c0801f832",
              "admin_graphql_api_id": "gid:\/\/shopify\/Collection\/404858110185",
              "descriptionHtml": "<h2 style=\"text-align: left;\">Team:<\/h2>\n<p style=\"text-align: left;\"><strong data-mce-fragment=\"1\">Racing Club de Avellaneda<\/strong><span data-mce-fragment=\"1\">, also known as <\/span>Racing Club or simply Racing<span data-mce-fragment=\"1\">, is an Argentine<\/span><strong data-mce-fragment=\"1\"><span data-mce-fragment=\"1\"> <\/span><\/strong><span data-mce-fragment=\"1\">sports institution founded on March 25, 1903, located in the city of <\/span>Avellaneda<span data-mce-fragment=\"1\">, in Buenos Aires. The colors that identify it are the celestial and the white in honor of the patriotic colors of the Argentine Republic. In the professional era started in 1931, he won many other Argentine championships.<\/span><\/p>\n<p style=\"text-align: left;\">The experience will be unique at Avellaneda. Buy your <strong>Racing Club tickets <\/strong>with Football Host.<\/p>\n<h2 style=\"text-align: left;\"><span data-mce-fragment=\"1\">Stadium:<\/span><\/h2>\n<p style=\"text-align: left;\"><span>The <\/span><strong>Presidente Perón stadium<\/strong><span> is<\/span><strong><span> <\/span><\/strong><span>the second with more capacity in the country and is located on Omar Oreste Corbatta and Mozart streets, in the <\/span>Avellaneda<span> city in the south of Gran Buenos Aires. It has a capacity of 60.000 peolple.<\/span><\/p>\n<p style=\"text-align: left;\"><span>Enjoy the complete<strong> football experience. <\/strong>Choose your match, choose your host, get your<strong> Racing tickets <\/strong>and live with the local fans the pre-match, match and post-match!<\/span><\/p>",
              "id": "404858110185",
              "productsCount": 6,
              "total_products": 6,
              "updatedAt": "2022-07-15T10:57:38Z",
              "status": "active"
            },
            {
              "ruleSet": {
                "appliedDisjunctively": true
              },
              "ets_fs_type": "collection",
              "description": "",
              "products_count": 78,
              "handle": "ets-fs-best-selling-products",
              "title": "Best selling products (DO NOT DELETE)",
              "fs_collection_type": "smart_collection",
              "shop_id": "62d14708cde2092c0801f832",
              "admin_graphql_api_id": "gid:\/\/shopify\/Collection\/407725605097",
              "descriptionHtml": "",
              "id": "407725605097",
              "productsCount": 78,
              "total_products": 78,
              "updatedAt": "2022-07-15T12:10:48Z",
              "status": "active"
            }
          ]
        },
        {
          "id": 7753210855657,
          "title": "Racing Club vs Arsenal Tickets",
          "body_html": "<p><strong>-Official tickets<\/strong><br><strong> -Tickets together guaranteed<\/strong><br><span data-mce-fragment=\"1\">-Location: <\/span><span data-mce-fragment=\"1\">Presidente Perón<\/span><span data-mce-fragment=\"1\"> Stadium (<\/span><span data-mce-fragment=\"1\">Avellaneda<\/span><span data-mce-fragment=\"1\">)<\/span><br> -Date: July 20<br> -Competition: Primera División Argentina<br> -Delivery: Depending on the match your tickets will be delivered by email or in person by a local guide.<br> <br> For more information contact us: sales@24x7tickets.com \/\/ (+34) 685 23 01 20<\/p>",
          "vendor": "Football Host",
          "product_type": "Tickets",
          "created_at": "2022-06-15T12:05:29+02:00",
          "handle": "racing-club-arsenal-primera-division-argentina-tickets",
          "updated_at": "2022-06-16T12:17:03+02:00",
          "published_at": "2022-06-15T12:05:27+02:00",
          "template_suffix": "",
          "status": "active",
          "published_scope": "web",
          "tags": "Tickets",
          "admin_graphql_api_id": "gid:\/\/shopify\/Product\/7753210855657",
          "variants": [
            {
              "id": 43233740521705,
              "product_id": 7753210855657,
              "title": "Shortside Standard",
              "price": 120,
              "sku": "20220720RAC04",
              "position": 1,
              "inventory_policy": "deny",
              "compare_at_price": 0,
              "fulfillment_service": "manual",
              "inventory_management": "shopify",
              "option1": "Shortside Standard",
              "option2": null,
              "option3": null,
              "created_at": "2022-06-15T12:05:29+02:00",
              "updated_at": "2022-06-16T12:17:03+02:00",
              "taxable": true,
              "barcode": null,
              "grams": 0,
              "image_id": 37847874568425,
              "weight": 0,
              "weight_unit": "kg",
              "inventory_item_id": 45329157325033,
              "inventory_quantity": 0,
              "old_inventory_quantity": 0,
              "requires_shipping": true,
              "admin_graphql_api_id": "gid:\/\/shopify\/ProductVariant\/43233740521705",
              "percent_sale": 0
            },
            {
              "id": 43233740554473,
              "product_id": 7753210855657,
              "title": "Longside Standard",
              "price": 176,
              "sku": "20220720RAC02",
              "position": 2,
              "inventory_policy": "deny",
              "compare_at_price": 0,
              "fulfillment_service": "manual",
              "inventory_management": "shopify",
              "option1": "Longside Standard",
              "option2": null,
              "option3": null,
              "created_at": "2022-06-15T12:05:29+02:00",
              "updated_at": "2022-06-16T12:17:03+02:00",
              "taxable": true,
              "barcode": null,
              "grams": 0,
              "image_id": 37847874207977,
              "weight": 0,
              "weight_unit": "kg",
              "inventory_item_id": 45329157357801,
              "inventory_quantity": 10,
              "old_inventory_quantity": 10,
              "requires_shipping": true,
              "admin_graphql_api_id": "gid:\/\/shopify\/ProductVariant\/43233740554473",
              "percent_sale": 0
            }
          ],
          "options": [
            {
              "id": 9849212272873,
              "product_id": 7753210855657,
              "name": "Category",
              "position": 1,
              "values": [
                "Shortside Standard",
                "Longside Standard"
              ],
              "label": "Category",
              "key": "category",
              "value": "Category"
            }
          ],
          "images": [
            {
              "id": 37847874568425,
              "product_id": 7753210855657,
              "position": 1,
              "created_at": "2022-06-16T12:16:51+02:00",
              "updated_at": "2022-06-16T12:17:01+02:00",
              "alt": null,
              "width": 644,
              "height": 600,
              "src": "https:\/\/cdn.shopify.com\/s\/files\/1\/0601\/3855\/3577\/products\/shortside_standard_f95211f7-3203-438e-92e0-a0fa1b250fd8.jpg?v=1655374621",
              "variant_ids": [
                43233740521705
              ],
              "admin_graphql_api_id": "gid:\/\/shopify\/ProductImage\/37847874568425"
            },
            {
              "id": 37847874207977,
              "product_id": 7753210855657,
              "position": 2,
              "created_at": "2022-06-16T12:16:47+02:00",
              "updated_at": "2022-06-16T12:17:01+02:00",
              "alt": null,
              "width": 644,
              "height": 600,
              "src": "https:\/\/cdn.shopify.com\/s\/files\/1\/0601\/3855\/3577\/products\/longisde_standard_77fee209-9bd6-41c6-bba8-d1229226e1ea.jpg?v=1655374621",
              "variant_ids": [
                43233740554473
              ],
              "admin_graphql_api_id": "gid:\/\/shopify\/ProductImage\/37847874207977"
            }
          ],
          "image": {
            "id": 37847874568425,
            "product_id": 7753210855657,
            "position": 1,
            "created_at": "2022-06-16T12:16:51+02:00",
            "updated_at": "2022-06-16T12:17:01+02:00",
            "alt": null,
            "width": 644,
            "height": 600,
            "src": "https:\/\/cdn.shopify.com\/s\/files\/1\/0601\/3855\/3577\/products\/shortside_standard_f95211f7-3203-438e-92e0-a0fa1b250fd8.jpg?v=1655374621",
            "variant_ids": [
              43233740521705
            ],
            "admin_graphql_api_id": "gid:\/\/shopify\/ProductImage\/37847874568425"
          },
          "shop_id": "62d14708cde2092c0801f832",
          "ets_fs_type": "product",
          "order_best_selling": 9999999999,
          "collections": [
            {
              "ruleSet": null,
              "ets_fs_type": "collection",
              "description": "Team: Racing Club de Avellaneda, also known as Racing Club or simply Racing, is an Argentine sports institution founded on March 25, 1903, located in the city of Avellaneda, in Buenos Aires. The colors that identify it are the celestial and the white in honor of the patriotic colors of the Argentine Republic. In the professional era started in 1931, he won many other Argentine championships. The experience will be unique at Avellaneda. Buy your Racing Club tickets with Football Host. Stadium: The Presidente Perón stadium is the second with more capacity in the country and is located on Omar Oreste Corbatta and Mozart streets, in the Avellaneda city in the south of Gran Buenos Aires. It has a capacity of 60.000 peolple. Enjoy the complete football experience. Choose your match, choose your host, get your Racing tickets and live with the local fans the pre-match, match and post-match!",
              "products_count": 6,
              "handle": "racing-club-tickets-experiences",
              "title": "Racing Club Tickets & Experiences",
              "fs_collection_type": "custom_collection",
              "shop_id": "62d14708cde2092c0801f832",
              "admin_graphql_api_id": "gid:\/\/shopify\/Collection\/404858110185",
              "descriptionHtml": "<h2 style=\"text-align: left;\">Team:<\/h2>\n<p style=\"text-align: left;\"><strong data-mce-fragment=\"1\">Racing Club de Avellaneda<\/strong><span data-mce-fragment=\"1\">, also known as <\/span>Racing Club or simply Racing<span data-mce-fragment=\"1\">, is an Argentine<\/span><strong data-mce-fragment=\"1\"><span data-mce-fragment=\"1\"> <\/span><\/strong><span data-mce-fragment=\"1\">sports institution founded on March 25, 1903, located in the city of <\/span>Avellaneda<span data-mce-fragment=\"1\">, in Buenos Aires. The colors that identify it are the celestial and the white in honor of the patriotic colors of the Argentine Republic. In the professional era started in 1931, he won many other Argentine championships.<\/span><\/p>\n<p style=\"text-align: left;\">The experience will be unique at Avellaneda. Buy your <strong>Racing Club tickets <\/strong>with Football Host.<\/p>\n<h2 style=\"text-align: left;\"><span data-mce-fragment=\"1\">Stadium:<\/span><\/h2>\n<p style=\"text-align: left;\"><span>The <\/span><strong>Presidente Perón stadium<\/strong><span> is<\/span><strong><span> <\/span><\/strong><span>the second with more capacity in the country and is located on Omar Oreste Corbatta and Mozart streets, in the <\/span>Avellaneda<span> city in the south of Gran Buenos Aires. It has a capacity of 60.000 peolple.<\/span><\/p>\n<p style=\"text-align: left;\"><span>Enjoy the complete<strong> football experience. <\/strong>Choose your match, choose your host, get your<strong> Racing tickets <\/strong>and live with the local fans the pre-match, match and post-match!<\/span><\/p>",
              "id": "404858110185",
              "productsCount": 6,
              "total_products": 6,
              "updatedAt": "2022-07-15T10:57:38Z",
              "status": "active"
            },
            {
              "ruleSet": {
                "appliedDisjunctively": true
              },
              "ets_fs_type": "collection",
              "description": "",
              "products_count": 78,
              "handle": "ets-fs-best-selling-products",
              "title": "Best selling products (DO NOT DELETE)",
              "fs_collection_type": "smart_collection",
              "shop_id": "62d14708cde2092c0801f832",
              "admin_graphql_api_id": "gid:\/\/shopify\/Collection\/407725605097",
              "descriptionHtml": "",
              "id": "407725605097",
              "productsCount": 78,
              "total_products": 78,
              "updatedAt": "2022-07-15T12:10:48Z",
              "status": "active"
            }
          ]
        },
        {
          "id": 7753211052265,
          "title": "Racing Club vs Boca Juniors Tickets",
          "body_html": "<p><strong>-Official tickets<\/strong><br><strong> -Tickets together guaranteed<\/strong><br><span data-mce-fragment=\"1\">-Location: <\/span><span data-mce-fragment=\"1\">Presidente Perón<\/span><span data-mce-fragment=\"1\"> Stadium (<\/span><span data-mce-fragment=\"1\">Avellaneda<\/span>)<br> -Date:August 14<br> -Competition: Primera División Argentina<br> -Delivery: Depending on the match your tickets will be delivered by email or in person by a local guide.<br> <br> For more information contact us: sales@24x7tickets.com \/\/ (+34) 685 23 01 20<\/p>",
          "vendor": "Football Host",
          "product_type": "Tickets",
          "created_at": "2022-06-15T12:05:33+02:00",
          "handle": "racing-club-boca-juniors-primera-division-argentina-tickets",
          "updated_at": "2022-06-16T12:17:43+02:00",
          "published_at": "2022-06-15T12:05:32+02:00",
          "template_suffix": "",
          "status": "active",
          "published_scope": "web",
          "tags": "Tickets",
          "admin_graphql_api_id": "gid:\/\/shopify\/Product\/7753211052265",
          "variants": [
            {
              "id": 43233740882153,
              "product_id": 7753211052265,
              "title": "Shortside Standard",
              "price": 180,
              "sku": "20220814RAC04",
              "position": 1,
              "inventory_policy": "deny",
              "compare_at_price": 0,
              "fulfillment_service": "manual",
              "inventory_management": "shopify",
              "option1": "Shortside Standard",
              "option2": null,
              "option3": null,
              "created_at": "2022-06-15T12:05:34+02:00",
              "updated_at": "2022-06-16T12:17:43+02:00",
              "taxable": true,
              "barcode": null,
              "grams": 0,
              "image_id": 37847878041833,
              "weight": 0,
              "weight_unit": "kg",
              "inventory_item_id": 45329157718249,
              "inventory_quantity": 0,
              "old_inventory_quantity": 0,
              "requires_shipping": true,
              "admin_graphql_api_id": "gid:\/\/shopify\/ProductVariant\/43233740882153",
              "percent_sale": 0
            },
            {
              "id": 43233740914921,
              "product_id": 7753211052265,
              "title": "Longside Standard",
              "price": 240,
              "sku": "20220814RAC02",
              "position": 2,
              "inventory_policy": "deny",
              "compare_at_price": 0,
              "fulfillment_service": "manual",
              "inventory_management": "shopify",
              "option1": "Longside Standard",
              "option2": null,
              "option3": null,
              "created_at": "2022-06-15T12:05:34+02:00",
              "updated_at": "2022-06-16T12:17:43+02:00",
              "taxable": true,
              "barcode": null,
              "grams": 0,
              "image_id": 37847877419241,
              "weight": 0,
              "weight_unit": "kg",
              "inventory_item_id": 45329157751017,
              "inventory_quantity": 10,
              "old_inventory_quantity": 10,
              "requires_shipping": true,
              "admin_graphql_api_id": "gid:\/\/shopify\/ProductVariant\/43233740914921",
              "percent_sale": 0
            }
          ],
          "options": [
            {
              "id": 9849212469481,
              "product_id": 7753211052265,
              "name": "Category",
              "position": 1,
              "values": [
                "Shortside Standard",
                "Longside Standard"
              ],
              "label": "Category",
              "key": "category",
              "value": "Category"
            }
          ],
          "images": [
            {
              "id": 37847878041833,
              "product_id": 7753211052265,
              "position": 1,
              "created_at": "2022-06-16T12:17:35+02:00",
              "updated_at": "2022-06-16T12:17:36+02:00",
              "alt": null,
              "width": 644,
              "height": 600,
              "src": "https:\/\/cdn.shopify.com\/s\/files\/1\/0601\/3855\/3577\/products\/shortside_standard_acd2124e-5155-4d18-a340-b3ce92b71526.jpg?v=1655374656",
              "variant_ids": [
                43233740882153
              ],
              "admin_graphql_api_id": "gid:\/\/shopify\/ProductImage\/37847878041833"
            },
            {
              "id": 37847877419241,
              "product_id": 7753211052265,
              "position": 2,
              "created_at": "2022-06-16T12:17:30+02:00",
              "updated_at": "2022-06-16T12:17:36+02:00",
              "alt": null,
              "width": 644,
              "height": 600,
              "src": "https:\/\/cdn.shopify.com\/s\/files\/1\/0601\/3855\/3577\/products\/longisde_standard_11f79572-a3fd-4500-858e-2de09e9f212b.jpg?v=1655374656",
              "variant_ids": [
                43233740914921
              ],
              "admin_graphql_api_id": "gid:\/\/shopify\/ProductImage\/37847877419241"
            }
          ],
          "image": {
            "id": 37847878041833,
            "product_id": 7753211052265,
            "position": 1,
            "created_at": "2022-06-16T12:17:35+02:00",
            "updated_at": "2022-06-16T12:17:36+02:00",
            "alt": null,
            "width": 644,
            "height": 600,
            "src": "https:\/\/cdn.shopify.com\/s\/files\/1\/0601\/3855\/3577\/products\/shortside_standard_acd2124e-5155-4d18-a340-b3ce92b71526.jpg?v=1655374656",
            "variant_ids": [
              43233740882153
            ],
            "admin_graphql_api_id": "gid:\/\/shopify\/ProductImage\/37847878041833"
          },
          "shop_id": "62d14708cde2092c0801f832",
          "ets_fs_type": "product",
          "order_best_selling": 9999999999,
          "collections": [
            {
              "ruleSet": null,
              "ets_fs_type": "collection",
              "description": "Team: Racing Club de Avellaneda, also known as Racing Club or simply Racing, is an Argentine sports institution founded on March 25, 1903, located in the city of Avellaneda, in Buenos Aires. The colors that identify it are the celestial and the white in honor of the patriotic colors of the Argentine Republic. In the professional era started in 1931, he won many other Argentine championships. The experience will be unique at Avellaneda. Buy your Racing Club tickets with Football Host. Stadium: The Presidente Perón stadium is the second with more capacity in the country and is located on Omar Oreste Corbatta and Mozart streets, in the Avellaneda city in the south of Gran Buenos Aires. It has a capacity of 60.000 peolple. Enjoy the complete football experience. Choose your match, choose your host, get your Racing tickets and live with the local fans the pre-match, match and post-match!",
              "products_count": 6,
              "handle": "racing-club-tickets-experiences",
              "title": "Racing Club Tickets & Experiences",
              "fs_collection_type": "custom_collection",
              "shop_id": "62d14708cde2092c0801f832",
              "admin_graphql_api_id": "gid:\/\/shopify\/Collection\/404858110185",
              "descriptionHtml": "<h2 style=\"text-align: left;\">Team:<\/h2>\n<p style=\"text-align: left;\"><strong data-mce-fragment=\"1\">Racing Club de Avellaneda<\/strong><span data-mce-fragment=\"1\">, also known as <\/span>Racing Club or simply Racing<span data-mce-fragment=\"1\">, is an Argentine<\/span><strong data-mce-fragment=\"1\"><span data-mce-fragment=\"1\"> <\/span><\/strong><span data-mce-fragment=\"1\">sports institution founded on March 25, 1903, located in the city of <\/span>Avellaneda<span data-mce-fragment=\"1\">, in Buenos Aires. The colors that identify it are the celestial and the white in honor of the patriotic colors of the Argentine Republic. In the professional era started in 1931, he won many other Argentine championships.<\/span><\/p>\n<p style=\"text-align: left;\">The experience will be unique at Avellaneda. Buy your <strong>Racing Club tickets <\/strong>with Football Host.<\/p>\n<h2 style=\"text-align: left;\"><span data-mce-fragment=\"1\">Stadium:<\/span><\/h2>\n<p style=\"text-align: left;\"><span>The <\/span><strong>Presidente Perón stadium<\/strong><span> is<\/span><strong><span> <\/span><\/strong><span>the second with more capacity in the country and is located on Omar Oreste Corbatta and Mozart streets, in the <\/span>Avellaneda<span> city in the south of Gran Buenos Aires. It has a capacity of 60.000 peolple.<\/span><\/p>\n<p style=\"text-align: left;\"><span>Enjoy the complete<strong> football experience. <\/strong>Choose your match, choose your host, get your<strong> Racing tickets <\/strong>and live with the local fans the pre-match, match and post-match!<\/span><\/p>",
              "id": "404858110185",
              "productsCount": 6,
              "total_products": 6,
              "updatedAt": "2022-07-15T10:57:38Z",
              "status": "active"
            },
            {
              "ruleSet": {
                "appliedDisjunctively": true
              },
              "ets_fs_type": "collection",
              "description": "",
              "products_count": 78,
              "handle": "ets-fs-best-selling-products",
              "title": "Best selling products (DO NOT DELETE)",
              "fs_collection_type": "smart_collection",
              "shop_id": "62d14708cde2092c0801f832",
              "admin_graphql_api_id": "gid:\/\/shopify\/Collection\/407725605097",
              "descriptionHtml": "",
              "id": "407725605097",
              "productsCount": 78,
              "total_products": 78,
              "updatedAt": "2022-07-15T12:10:48Z",
              "status": "active"
            }
          ]
        },
        {
          "id": 7794494636265,
          "title": "Racing Club vs Independiente Experiences",
          "body_html": "<p><strong>-Official tickets<\/strong><br><strong> -Tickets together guaranteed<\/strong><br><span data-mce-fragment=\"1\">-Location: <\/span><span data-mce-fragment=\"1\">Presidente Perón<\/span><span data-mce-fragment=\"1\"> Stadium (<\/span><span data-mce-fragment=\"1\">Avellaneda<\/span><span data-mce-fragment=\"1\">)<\/span><br> -Date: July 10<br> -Competition: Primera División Argentina<br> -Delivery: Depending on the match your tickets will be delivered by email or in person by a local guide.<br> <br> For more information contact us: sales@24x7tickets.com \/\/ (+34) 685 23 01 20<\/p>",
          "vendor": "Football Host",
          "product_type": "Experiences",
          "created_at": "2022-07-15T12:56:41+02:00",
          "handle": "racing-club-vs-independiente-experiences",
          "updated_at": "2022-07-15T13:04:42+02:00",
          "published_at": "2022-07-15T12:57:11+02:00",
          "template_suffix": "",
          "status": "active",
          "published_scope": "web",
          "tags": "presidente peron stadium, superliga argentina",
          "admin_graphql_api_id": "gid:\/\/shopify\/Product\/7794494636265",
          "variants": [
            {
              "product_id": 7794494636265,
              "id": 43384269373673,
              "title": "Shortside Standard",
              "price": 180,
              "sku": "20220710RAC04",
              "position": 1,
              "inventory_policy": "deny",
              "compare_at_price": 0,
              "fulfillment_service": "manual",
              "inventory_management": "shopify",
              "option1": "Shortside Standard",
              "option2": null,
              "option3": null,
              "created_at": "2022-07-15T12:56:41+02:00",
              "updated_at": "2022-07-15T12:56:44+02:00",
              "taxable": true,
              "barcode": null,
              "grams": 0,
              "image_id": 38115037446377,
              "weight": 0,
              "weight_unit": "kg",
              "inventory_item_id": 45479843168489,
              "inventory_quantity": 0,
              "old_inventory_quantity": 0,
              "requires_shipping": true,
              "admin_graphql_api_id": "gid:\/\/shopify\/ProductVariant\/43384269373673",
              "percent_sale": 0
            },
            {
              "product_id": 7794494636265,
              "id": 43384269406441,
              "title": "Longside Standard",
              "price": 240,
              "sku": "20220710RAC02",
              "position": 2,
              "inventory_policy": "deny",
              "compare_at_price": 0,
              "fulfillment_service": "manual",
              "inventory_management": "shopify",
              "option1": "Longside Standard",
              "option2": null,
              "option3": null,
              "created_at": "2022-07-15T12:56:41+02:00",
              "updated_at": "2022-07-15T12:56:44+02:00",
              "taxable": true,
              "barcode": null,
              "grams": 0,
              "image_id": 38115037479145,
              "weight": 0,
              "weight_unit": "kg",
              "inventory_item_id": 45479843201257,
              "inventory_quantity": 10,
              "old_inventory_quantity": 10,
              "requires_shipping": true,
              "admin_graphql_api_id": "gid:\/\/shopify\/ProductVariant\/43384269406441",
              "percent_sale": 0
            }
          ],
          "options": [
            {
              "product_id": 7794494636265,
              "id": 9899197300969,
              "name": "Category",
              "position": 1,
              "values": [
                "Shortside Standard",
                "Longside Standard"
              ],
              "label": "Category",
              "key": "category",
              "value": "Category"
            }
          ],
          "images": [
            {
              "product_id": 7794494636265,
              "id": 38115037446377,
              "position": 1,
              "created_at": "2022-07-15T12:56:44+02:00",
              "updated_at": "2022-07-15T12:56:44+02:00",
              "alt": null,
              "width": 644,
              "height": 600,
              "src": "https:\/\/cdn.shopify.com\/s\/files\/1\/0601\/3855\/3577\/products\/shortside_standard_66431e8d-8cfb-409b-8f4b-4568b43ddfb0.jpg?v=1657882604",
              "variant_ids": [
                43384269373673
              ],
              "admin_graphql_api_id": "gid:\/\/shopify\/ProductImage\/38115037446377"
            },
            {
              "product_id": 7794494636265,
              "id": 38115037479145,
              "position": 2,
              "created_at": "2022-07-15T12:56:44+02:00",
              "updated_at": "2022-07-15T12:56:44+02:00",
              "alt": null,
              "width": 644,
              "height": 600,
              "src": "https:\/\/cdn.shopify.com\/s\/files\/1\/0601\/3855\/3577\/products\/longisde_standard_a98aa329-b6eb-4109-a709-dcc9fcdbd8dd.jpg?v=1657882604",
              "variant_ids": [
                43384269406441
              ],
              "admin_graphql_api_id": "gid:\/\/shopify\/ProductImage\/38115037479145"
            }
          ],
          "image": {
            "product_id": 7794494636265,
            "id": 38115037446377,
            "position": 1,
            "created_at": "2022-07-15T12:56:44+02:00",
            "updated_at": "2022-07-15T12:56:44+02:00",
            "alt": null,
            "width": 644,
            "height": 600,
            "src": "https:\/\/cdn.shopify.com\/s\/files\/1\/0601\/3855\/3577\/products\/shortside_standard_66431e8d-8cfb-409b-8f4b-4568b43ddfb0.jpg?v=1657882604",
            "variant_ids": [
              43384269373673
            ],
            "admin_graphql_api_id": "gid:\/\/shopify\/ProductImage\/38115037446377"
          },
          "shop_id": "62d14708cde2092c0801f832",
          "ets_fs_type": "product",
          "order_best_selling": 9999999999,
          "collections": [
            {
              "ruleSet": null,
              "ets_fs_type": "collection",
              "description": "Team: Racing Club de Avellaneda, also known as Racing Club or simply Racing, is an Argentine sports institution founded on March 25, 1903, located in the city of Avellaneda, in Buenos Aires. The colors that identify it are the celestial and the white in honor of the patriotic colors of the Argentine Republic. In the professional era started in 1931, he won many other Argentine championships. The experience will be unique at Avellaneda. Buy your Racing Club tickets with Football Host. Stadium: The Presidente Perón stadium is the second with more capacity in the country and is located on Omar Oreste Corbatta and Mozart streets, in the Avellaneda city in the south of Gran Buenos Aires. It has a capacity of 60.000 peolple. Enjoy the complete football experience. Choose your match, choose your host, get your Racing tickets and live with the local fans the pre-match, match and post-match!",
              "products_count": 6,
              "handle": "racing-club-tickets-experiences",
              "title": "Racing Club Tickets & Experiences",
              "fs_collection_type": "custom_collection",
              "shop_id": "62d14708cde2092c0801f832",
              "admin_graphql_api_id": "gid:\/\/shopify\/Collection\/404858110185",
              "descriptionHtml": "<h2 style=\"text-align: left;\">Team:<\/h2>\n<p style=\"text-align: left;\"><strong data-mce-fragment=\"1\">Racing Club de Avellaneda<\/strong><span data-mce-fragment=\"1\">, also known as <\/span>Racing Club or simply Racing<span data-mce-fragment=\"1\">, is an Argentine<\/span><strong data-mce-fragment=\"1\"><span data-mce-fragment=\"1\"> <\/span><\/strong><span data-mce-fragment=\"1\">sports institution founded on March 25, 1903, located in the city of <\/span>Avellaneda<span data-mce-fragment=\"1\">, in Buenos Aires. The colors that identify it are the celestial and the white in honor of the patriotic colors of the Argentine Republic. In the professional era started in 1931, he won many other Argentine championships.<\/span><\/p>\n<p style=\"text-align: left;\">The experience will be unique at Avellaneda. Buy your <strong>Racing Club tickets <\/strong>with Football Host.<\/p>\n<h2 style=\"text-align: left;\"><span data-mce-fragment=\"1\">Stadium:<\/span><\/h2>\n<p style=\"text-align: left;\"><span>The <\/span><strong>Presidente Perón stadium<\/strong><span> is<\/span><strong><span> <\/span><\/strong><span>the second with more capacity in the country and is located on Omar Oreste Corbatta and Mozart streets, in the <\/span>Avellaneda<span> city in the south of Gran Buenos Aires. It has a capacity of 60.000 peolple.<\/span><\/p>\n<p style=\"text-align: left;\"><span>Enjoy the complete<strong> football experience. <\/strong>Choose your match, choose your host, get your<strong> Racing tickets <\/strong>and live with the local fans the pre-match, match and post-match!<\/span><\/p>",
              "id": "404858110185",
              "productsCount": 6,
              "total_products": 6,
              "updatedAt": "2022-07-15T10:57:38Z",
              "status": "active"
            },
            {
              "ruleSet": {
                "appliedDisjunctively": true
              },
              "ets_fs_type": "collection",
              "description": "",
              "products_count": 78,
              "handle": "ets-fs-best-selling-products",
              "title": "Best selling products (DO NOT DELETE)",
              "fs_collection_type": "smart_collection",
              "shop_id": "62d14708cde2092c0801f832",
              "admin_graphql_api_id": "gid:\/\/shopify\/Collection\/407725605097",
              "descriptionHtml": "",
              "id": "407725605097",
              "productsCount": 78,
              "total_products": 78,
              "updatedAt": "2022-07-15T12:10:48Z",
              "status": "active"
            }
          ]
        },
        {
          "id": 7753210790121,
          "title": "Racing Club vs Independiente Tickets",
          "body_html": "<p><strong>-Official tickets<\/strong><br><strong> -Tickets together guaranteed<\/strong><br><span data-mce-fragment=\"1\">-Location: <\/span><span data-mce-fragment=\"1\">Presidente Perón<\/span><span data-mce-fragment=\"1\"> Stadium (<\/span><span data-mce-fragment=\"1\">Avellaneda<\/span><span data-mce-fragment=\"1\">)<\/span><br> -Date: July 10<br> -Competition: Primera División Argentina<br> -Delivery: Depending on the match your tickets will be delivered by email or in person by a local guide.<br> <br> For more information contact us: sales@24x7tickets.com \/\/ (+34) 685 23 01 20<\/p>",
          "vendor": "Football Host",
          "product_type": "Tickets",
          "created_at": "2022-06-15T12:05:26+02:00",
          "handle": "racing-club-independiente-primera-division-argentina-tickets",
          "updated_at": "2022-07-15T13:01:59+02:00",
          "published_at": "2022-06-15T12:05:25+02:00",
          "template_suffix": "",
          "status": "active",
          "published_scope": "web",
          "tags": "presidente peron stadium, superliga argentina",
          "admin_graphql_api_id": "gid:\/\/shopify\/Product\/7753210790121",
          "variants": [
            {
              "product_id": 7753210790121,
              "id": 43233740357865,
              "title": "Shortside Standard",
              "price": 180,
              "sku": "20220710RAC04",
              "position": 1,
              "inventory_policy": "deny",
              "compare_at_price": 0,
              "fulfillment_service": "manual",
              "inventory_management": "shopify",
              "option1": "Shortside Standard",
              "option2": null,
              "option3": null,
              "created_at": "2022-06-15T12:05:26+02:00",
              "updated_at": "2022-06-16T12:18:21+02:00",
              "taxable": true,
              "barcode": null,
              "grams": 0,
              "image_id": 37847880892649,
              "weight": 0,
              "weight_unit": "kg",
              "inventory_item_id": 45329157161193,
              "inventory_quantity": 0,
              "old_inventory_quantity": 0,
              "requires_shipping": true,
              "admin_graphql_api_id": "gid:\/\/shopify\/ProductVariant\/43233740357865",
              "percent_sale": 0
            },
            {
              "product_id": 7753210790121,
              "id": 43233740390633,
              "title": "Longside Standard",
              "price": 240,
              "sku": "20220710RAC02",
              "position": 2,
              "inventory_policy": "deny",
              "compare_at_price": 0,
              "fulfillment_service": "manual",
              "inventory_management": "shopify",
              "option1": "Longside Standard",
              "option2": null,
              "option3": null,
              "created_at": "2022-06-15T12:05:26+02:00",
              "updated_at": "2022-06-16T12:18:21+02:00",
              "taxable": true,
              "barcode": null,
              "grams": 0,
              "image_id": 37847880368361,
              "weight": 0,
              "weight_unit": "kg",
              "inventory_item_id": 45329157193961,
              "inventory_quantity": 10,
              "old_inventory_quantity": 10,
              "requires_shipping": true,
              "admin_graphql_api_id": "gid:\/\/shopify\/ProductVariant\/43233740390633",
              "percent_sale": 0
            }
          ],
          "options": [
            {
              "product_id": 7753210790121,
              "id": 9849212207337,
              "name": "Category",
              "position": 1,
              "values": [
                "Shortside Standard",
                "Longside Standard"
              ],
              "label": "Category",
              "key": "category",
              "value": "Category"
            }
          ],
          "images": [
            {
              "product_id": 7753210790121,
              "id": 37847880892649,
              "position": 1,
              "created_at": "2022-06-16T12:18:12+02:00",
              "updated_at": "2022-06-16T12:18:13+02:00",
              "alt": null,
              "width": 644,
              "height": 600,
              "src": "https:\/\/cdn.shopify.com\/s\/files\/1\/0601\/3855\/3577\/products\/shortside_standard_30634aae-9465-4c1d-a5b2-a14b1c3ea8ea.jpg?v=1655374693",
              "variant_ids": [
                43233740357865
              ],
              "admin_graphql_api_id": "gid:\/\/shopify\/ProductImage\/37847880892649"
            },
            {
              "product_id": 7753210790121,
              "id": 37847880368361,
              "position": 2,
              "created_at": "2022-06-16T12:18:06+02:00",
              "updated_at": "2022-06-16T12:18:13+02:00",
              "alt": null,
              "width": 644,
              "height": 600,
              "src": "https:\/\/cdn.shopify.com\/s\/files\/1\/0601\/3855\/3577\/products\/longisde_standard_1c2302ac-a14f-4d95-9aec-b955ee02503d.jpg?v=1655374693",
              "variant_ids": [
                43233740390633
              ],
              "admin_graphql_api_id": "gid:\/\/shopify\/ProductImage\/37847880368361"
            }
          ],
          "image": {
            "product_id": 7753210790121,
            "id": 37847880892649,
            "position": 1,
            "created_at": "2022-06-16T12:18:12+02:00",
            "updated_at": "2022-06-16T12:18:13+02:00",
            "alt": null,
            "width": 644,
            "height": 600,
            "src": "https:\/\/cdn.shopify.com\/s\/files\/1\/0601\/3855\/3577\/products\/shortside_standard_30634aae-9465-4c1d-a5b2-a14b1c3ea8ea.jpg?v=1655374693",
            "variant_ids": [
              43233740357865
            ],
            "admin_graphql_api_id": "gid:\/\/shopify\/ProductImage\/37847880892649"
          },
          "shop_id": "62d14708cde2092c0801f832",
          "ets_fs_type": "product",
          "order_best_selling": 9999999999,
          "collections": [
            {
              "ruleSet": null,
              "ets_fs_type": "collection",
              "description": "Team: Racing Club de Avellaneda, also known as Racing Club or simply Racing, is an Argentine sports institution founded on March 25, 1903, located in the city of Avellaneda, in Buenos Aires. The colors that identify it are the celestial and the white in honor of the patriotic colors of the Argentine Republic. In the professional era started in 1931, he won many other Argentine championships. The experience will be unique at Avellaneda. Buy your Racing Club tickets with Football Host. Stadium: The Presidente Perón stadium is the second with more capacity in the country and is located on Omar Oreste Corbatta and Mozart streets, in the Avellaneda city in the south of Gran Buenos Aires. It has a capacity of 60.000 peolple. Enjoy the complete football experience. Choose your match, choose your host, get your Racing tickets and live with the local fans the pre-match, match and post-match!",
              "products_count": 6,
              "handle": "racing-club-tickets-experiences",
              "title": "Racing Club Tickets & Experiences",
              "fs_collection_type": "custom_collection",
              "shop_id": "62d14708cde2092c0801f832",
              "admin_graphql_api_id": "gid:\/\/shopify\/Collection\/404858110185",
              "descriptionHtml": "<h2 style=\"text-align: left;\">Team:<\/h2>\n<p style=\"text-align: left;\"><strong data-mce-fragment=\"1\">Racing Club de Avellaneda<\/strong><span data-mce-fragment=\"1\">, also known as <\/span>Racing Club or simply Racing<span data-mce-fragment=\"1\">, is an Argentine<\/span><strong data-mce-fragment=\"1\"><span data-mce-fragment=\"1\"> <\/span><\/strong><span data-mce-fragment=\"1\">sports institution founded on March 25, 1903, located in the city of <\/span>Avellaneda<span data-mce-fragment=\"1\">, in Buenos Aires. The colors that identify it are the celestial and the white in honor of the patriotic colors of the Argentine Republic. In the professional era started in 1931, he won many other Argentine championships.<\/span><\/p>\n<p style=\"text-align: left;\">The experience will be unique at Avellaneda. Buy your <strong>Racing Club tickets <\/strong>with Football Host.<\/p>\n<h2 style=\"text-align: left;\"><span data-mce-fragment=\"1\">Stadium:<\/span><\/h2>\n<p style=\"text-align: left;\"><span>The <\/span><strong>Presidente Perón stadium<\/strong><span> is<\/span><strong><span> <\/span><\/strong><span>the second with more capacity in the country and is located on Omar Oreste Corbatta and Mozart streets, in the <\/span>Avellaneda<span> city in the south of Gran Buenos Aires. It has a capacity of 60.000 peolple.<\/span><\/p>\n<p style=\"text-align: left;\"><span>Enjoy the complete<strong> football experience. <\/strong>Choose your match, choose your host, get your<strong> Racing tickets <\/strong>and live with the local fans the pre-match, match and post-match!<\/span><\/p>",
              "id": "404858110185",
              "productsCount": 6,
              "total_products": 6,
              "updatedAt": "2022-07-15T10:57:38Z",
              "status": "active"
            },
            {
              "ruleSet": {
                "appliedDisjunctively": true
              },
              "ets_fs_type": "collection",
              "description": "",
              "products_count": 78,
              "handle": "ets-fs-best-selling-products",
              "title": "Best selling products (DO NOT DELETE)",
              "fs_collection_type": "smart_collection",
              "shop_id": "62d14708cde2092c0801f832",
              "admin_graphql_api_id": "gid:\/\/shopify\/Collection\/407725605097",
              "descriptionHtml": "",
              "id": "407725605097",
              "productsCount": 78,
              "total_products": 78,
              "updatedAt": "2022-07-15T12:10:48Z",
              "status": "active"
            }
          ]
        },
        {
          "id": 7753210953961,
          "title": "Racing Club vs Tigre Tickets",
          "body_html": "<p><strong>-Official tickets<\/strong><br><strong> -Tickets together guaranteed<\/strong><br><span data-mce-fragment=\"1\">-Location: <\/span><span data-mce-fragment=\"1\">Presidente Perón<\/span><span data-mce-fragment=\"1\"> Stadium (<\/span><span data-mce-fragment=\"1\">Avellaneda<\/span><span data-mce-fragment=\"1\">)<\/span><br> -Date: July 31<br> -Competition: Primera División Argentina<br> -Delivery: Depending on the match your tickets will be delivered by email or in person by a local guide.<br> <br> For more information contact us: sales@24x7tickets.com \/\/ (+34) 685 23 01 20<\/p>",
          "vendor": "Football Host",
          "product_type": "Tickets",
          "created_at": "2022-06-15T12:05:31+02:00",
          "handle": "racing-club-tigre-primera-division-argentina-tickets",
          "updated_at": "2022-06-16T12:18:51+02:00",
          "published_at": "2022-06-15T12:05:30+02:00",
          "template_suffix": "",
          "status": "active",
          "published_scope": "web",
          "tags": "Tickets",
          "admin_graphql_api_id": "gid:\/\/shopify\/Product\/7753210953961",
          "variants": [
            {
              "id": 43233740718313,
              "product_id": 7753210953961,
              "title": "Shortside Standard",
              "price": 120,
              "sku": "20220731RAC04",
              "position": 1,
              "inventory_policy": "deny",
              "compare_at_price": 0,
              "fulfillment_service": "manual",
              "inventory_management": "shopify",
              "option1": "Shortside Standard",
              "option2": null,
              "option3": null,
              "created_at": "2022-06-15T12:05:31+02:00",
              "updated_at": "2022-06-16T12:18:51+02:00",
              "taxable": true,
              "barcode": null,
              "grams": 0,
              "image_id": 37847885349097,
              "weight": 0,
              "weight_unit": "kg",
              "inventory_item_id": 45329157521641,
              "inventory_quantity": 0,
              "old_inventory_quantity": 0,
              "requires_shipping": true,
              "admin_graphql_api_id": "gid:\/\/shopify\/ProductVariant\/43233740718313",
              "percent_sale": 0
            },
            {
              "id": 43233740751081,
              "product_id": 7753210953961,
              "title": "Longside Standard",
              "price": 176,
              "sku": "20220731RAC02",
              "position": 2,
              "inventory_policy": "deny",
              "compare_at_price": 0,
              "fulfillment_service": "manual",
              "inventory_management": "shopify",
              "option1": "Longside Standard",
              "option2": null,
              "option3": null,
              "created_at": "2022-06-15T12:05:31+02:00",
              "updated_at": "2022-06-16T12:18:51+02:00",
              "taxable": true,
              "barcode": null,
              "grams": 0,
              "image_id": 37847885086953,
              "weight": 0,
              "weight_unit": "kg",
              "inventory_item_id": 45329157554409,
              "inventory_quantity": 10,
              "old_inventory_quantity": 10,
              "requires_shipping": true,
              "admin_graphql_api_id": "gid:\/\/shopify\/ProductVariant\/43233740751081",
              "percent_sale": 0
            }
          ],
          "options": [
            {
              "id": 9849212371177,
              "product_id": 7753210953961,
              "name": "Category",
              "position": 1,
              "values": [
                "Shortside Standard",
                "Longside Standard"
              ],
              "label": "Category",
              "key": "category",
              "value": "Category"
            }
          ],
          "images": [
            {
              "id": 37847885349097,
              "product_id": 7753210953961,
              "position": 1,
              "created_at": "2022-06-16T12:18:42+02:00",
              "updated_at": "2022-06-16T12:18:44+02:00",
              "alt": null,
              "width": 644,
              "height": 600,
              "src": "https:\/\/cdn.shopify.com\/s\/files\/1\/0601\/3855\/3577\/products\/shortside_standard_e6adc586-4b23-4254-8f92-bdb589d2c4f2.jpg?v=1655374724",
              "variant_ids": [
                43233740718313
              ],
              "admin_graphql_api_id": "gid:\/\/shopify\/ProductImage\/37847885349097"
            },
            {
              "id": 37847885086953,
              "product_id": 7753210953961,
              "position": 2,
              "created_at": "2022-06-16T12:18:38+02:00",
              "updated_at": "2022-06-16T12:18:44+02:00",
              "alt": null,
              "width": 644,
              "height": 600,
              "src": "https:\/\/cdn.shopify.com\/s\/files\/1\/0601\/3855\/3577\/products\/longisde_standard_e01afe72-d93b-413d-a7e6-7577187d8d58.jpg?v=1655374724",
              "variant_ids": [
                43233740751081
              ],
              "admin_graphql_api_id": "gid:\/\/shopify\/ProductImage\/37847885086953"
            }
          ],
          "image": {
            "id": 37847885349097,
            "product_id": 7753210953961,
            "position": 1,
            "created_at": "2022-06-16T12:18:42+02:00",
            "updated_at": "2022-06-16T12:18:44+02:00",
            "alt": null,
            "width": 644,
            "height": 600,
            "src": "https:\/\/cdn.shopify.com\/s\/files\/1\/0601\/3855\/3577\/products\/shortside_standard_e6adc586-4b23-4254-8f92-bdb589d2c4f2.jpg?v=1655374724",
            "variant_ids": [
              43233740718313
            ],
            "admin_graphql_api_id": "gid:\/\/shopify\/ProductImage\/37847885349097"
          },
          "shop_id": "62d14708cde2092c0801f832",
          "ets_fs_type": "product",
          "order_best_selling": 9999999999,
          "collections": [
            {
              "ruleSet": null,
              "ets_fs_type": "collection",
              "description": "Team: Racing Club de Avellaneda, also known as Racing Club or simply Racing, is an Argentine sports institution founded on March 25, 1903, located in the city of Avellaneda, in Buenos Aires. The colors that identify it are the celestial and the white in honor of the patriotic colors of the Argentine Republic. In the professional era started in 1931, he won many other Argentine championships. The experience will be unique at Avellaneda. Buy your Racing Club tickets with Football Host. Stadium: The Presidente Perón stadium is the second with more capacity in the country and is located on Omar Oreste Corbatta and Mozart streets, in the Avellaneda city in the south of Gran Buenos Aires. It has a capacity of 60.000 peolple. Enjoy the complete football experience. Choose your match, choose your host, get your Racing tickets and live with the local fans the pre-match, match and post-match!",
              "products_count": 6,
              "handle": "racing-club-tickets-experiences",
              "title": "Racing Club Tickets & Experiences",
              "fs_collection_type": "custom_collection",
              "shop_id": "62d14708cde2092c0801f832",
              "admin_graphql_api_id": "gid:\/\/shopify\/Collection\/404858110185",
              "descriptionHtml": "<h2 style=\"text-align: left;\">Team:<\/h2>\n<p style=\"text-align: left;\"><strong data-mce-fragment=\"1\">Racing Club de Avellaneda<\/strong><span data-mce-fragment=\"1\">, also known as <\/span>Racing Club or simply Racing<span data-mce-fragment=\"1\">, is an Argentine<\/span><strong data-mce-fragment=\"1\"><span data-mce-fragment=\"1\"> <\/span><\/strong><span data-mce-fragment=\"1\">sports institution founded on March 25, 1903, located in the city of <\/span>Avellaneda<span data-mce-fragment=\"1\">, in Buenos Aires. The colors that identify it are the celestial and the white in honor of the patriotic colors of the Argentine Republic. In the professional era started in 1931, he won many other Argentine championships.<\/span><\/p>\n<p style=\"text-align: left;\">The experience will be unique at Avellaneda. Buy your <strong>Racing Club tickets <\/strong>with Football Host.<\/p>\n<h2 style=\"text-align: left;\"><span data-mce-fragment=\"1\">Stadium:<\/span><\/h2>\n<p style=\"text-align: left;\"><span>The <\/span><strong>Presidente Perón stadium<\/strong><span> is<\/span><strong><span> <\/span><\/strong><span>the second with more capacity in the country and is located on Omar Oreste Corbatta and Mozart streets, in the <\/span>Avellaneda<span> city in the south of Gran Buenos Aires. It has a capacity of 60.000 peolple.<\/span><\/p>\n<p style=\"text-align: left;\"><span>Enjoy the complete<strong> football experience. <\/strong>Choose your match, choose your host, get your<strong> Racing tickets <\/strong>and live with the local fans the pre-match, match and post-match!<\/span><\/p>",
              "id": "404858110185",
              "productsCount": 6,
              "total_products": 6,
              "updatedAt": "2022-07-15T10:57:38Z",
              "status": "active"
            },
            {
              "ruleSet": {
                "appliedDisjunctively": true
              },
              "ets_fs_type": "collection",
              "description": "",
              "products_count": 78,
              "handle": "ets-fs-best-selling-products",
              "title": "Best selling products (DO NOT DELETE)",
              "fs_collection_type": "smart_collection",
              "shop_id": "62d14708cde2092c0801f832",
              "admin_graphql_api_id": "gid:\/\/shopify\/Collection\/407725605097",
              "descriptionHtml": "",
              "id": "407725605097",
              "productsCount": 78,
              "total_products": 78,
              "updatedAt": "2022-07-15T12:10:48Z",
              "status": "active"
            }
          ]
        }
      ]
    },
    "filters": [
      {
        "user_id": "62d14708cde2092c0801f832",
        "filter_information": {
          "active": 1,
          "show_out_of_stock": 0,
          "filter_name": "Tickets\/Experiences",
          "collection_applied": [
            "404858110185"
          ]
        },
        "list_filter_options": [
          {
            "filter_type": "type",
            "filter_enable": true,
            "filter_label": "Type",
            "filter_description": "test",
            "filter_display_type": "checkbox",
            "filter_sort_by": "most_product",
            "filter_uppercase_values": 0,
            "filter_ranger_price": {
              "ranger": 1,
              "step": 1,
              "delimiter": ",",
              "show_ranger": true,
              "from": "",
              "to": 995
            },
            "filter_ranger_weight": {
              "ranger": 1,
              "step": 1,
              "delimiter": ",",
              "show_ranger": true,
              "from": "",
              "to": ""
            },
            "filter_percent_sale": [
              {
                "from": 10,
                "to": ""
              }
            ],
            "filter_stock_status": {
              "instock": "In-stock",
              "outStock": "Out of stock"
            },
            "filter_color_start": "#FFD117",
            "filter_option_value": [

            ],
            "filter_option_value_type": "text",
            "filter_swatch_style": "square",
            "filter_vendors_applied": [

            ],
            "filter_types_applied": [
              "experiences",
              "tickets"
            ],
            "filter_tags_applied": [

            ],
            "filter_type_default": 1,
            "filter_collection_applied": [

            ],
            "filter_collection_behavior": "default",
            "filter_position": 0,
            "id_option_filter": 1,
            "filter_list": [
              {
                "label": "Tickets",
                "value": "Tickets",
                "key": "tickets",
                "total_products": 5,
                "title": "Tickets",
                "id": "Tickets"
              },
              {
                "label": "Experiences",
                "value": "Experiences",
                "key": "experiences",
                "total_products": 1,
                "title": "Experiences",
                "id": "Experiences"
              }
            ],
            "filter_type_key": "list"
          }
        ],
        "updated_at": "2022-07-18T10:11:48.853000Z",
        "created_at": "2022-07-18T10:07:48.485000Z",
        "id": "62d530f4b24fbfe0c8021b52"
      }
    ]
  }
}