{
  "expired_at": 1660555110,
  "time_zone": "UTC",
  "data": {
    "paginate": {
      "total": 5,
      "per_page": "12",
      "current_page": 1,
      "last_page": 1,
      "data": [
        {
          "id": 7753245327593,
          "title": "Argentinos Juniors vs Arsenal Tickets",
          "body_html": "<p><strong>-Official tickets<\/strong><br><strong> -Tickets together guaranteed<\/strong><br>-Location: Diego Armando Maradona Stadium (Buenos Aires)<br>-Date: June 26<br>-Competition: Primera División Argentina<br>-Delivery: Depending on the match your tickets will be delivered by email or in person by a local guide.<br><br>For more information contact us: sales@24x7tickets.com \/\/ (+34) 685 23 01 20<\/p>",
          "vendor": "Football Host",
          "product_type": "Tickets",
          "created_at": "2022-06-15T12:42:37+02:00",
          "handle": "argentinos-juniors-arsenal-primera-division-argentina-tickets",
          "updated_at": "2022-07-15T12:24:32+02:00",
          "published_at": "2022-06-15T12:42:36+02:00",
          "template_suffix": "",
          "status": "active",
          "published_scope": "web",
          "tags": "Tickets",
          "admin_graphql_api_id": "gid:\/\/shopify\/Product\/7753245327593",
          "variants": [
            {
              "product_id": 7753245327593,
              "id": 43233837777129,
              "title": "Shortside Standard",
              "price": 2,
              "sku": "20220626AJU04",
              "position": 1,
              "inventory_policy": "deny",
              "compare_at_price": 0,
              "fulfillment_service": "manual",
              "inventory_management": "shopify",
              "option1": "Shortside Standard",
              "option2": null,
              "option3": null,
              "created_at": "2022-06-15T12:42:38+02:00",
              "updated_at": "2022-07-15T12:14:36+02:00",
              "taxable": true,
              "barcode": "",
              "grams": 0,
              "image_id": 37847788716265,
              "weight": 0,
              "weight_unit": "kg",
              "inventory_item_id": 45329254613225,
              "inventory_quantity": 35,
              "old_inventory_quantity": 35,
              "requires_shipping": false,
              "admin_graphql_api_id": "gid:\/\/shopify\/ProductVariant\/43233837777129",
              "percent_sale": 0
            },
            {
              "product_id": 7753245327593,
              "id": 43233837809897,
              "title": "Longside Standard",
              "price": 1,
              "sku": "20220626AJU02",
              "position": 2,
              "inventory_policy": "deny",
              "compare_at_price": 0,
              "fulfillment_service": "manual",
              "inventory_management": "shopify",
              "option1": "Longside Standard",
              "option2": null,
              "option3": null,
              "created_at": "2022-06-15T12:42:38+02:00",
              "updated_at": "2022-07-15T12:24:32+02:00",
              "taxable": true,
              "barcode": "",
              "grams": 0,
              "image_id": 37847788945641,
              "weight": 0,
              "weight_unit": "kg",
              "inventory_item_id": 45329254645993,
              "inventory_quantity": 3,
              "old_inventory_quantity": 3,
              "requires_shipping": false,
              "admin_graphql_api_id": "gid:\/\/shopify\/ProductVariant\/43233837809897",
              "percent_sale": 0
            }
          ],
          "options": [
            {
              "product_id": 7753245327593,
              "id": 9849254084841,
              "name": "Category",
              "position": 1,
              "values": [
                "Shortside Standard",
                "Longside Standard"
              ],
              "label": "Category",
              "key": "category",
              "value": "Category"
            }
          ],
          "images": [
            {
              "product_id": 7753245327593,
              "id": 37847788716265,
              "position": 1,
              "created_at": "2022-06-16T12:01:52+02:00",
              "updated_at": "2022-06-16T12:01:52+02:00",
              "alt": null,
              "width": 644,
              "height": 600,
              "src": "https:\/\/cdn.shopify.com\/s\/files\/1\/0601\/3855\/3577\/products\/shortside_standard.jpg?v=1655373712",
              "variant_ids": [
                43233837777129
              ],
              "admin_graphql_api_id": "gid:\/\/shopify\/ProductImage\/37847788716265"
            },
            {
              "product_id": 7753245327593,
              "id": 37847788945641,
              "position": 2,
              "created_at": "2022-06-16T12:01:55+02:00",
              "updated_at": "2022-06-16T12:01:55+02:00",
              "alt": null,
              "width": 644,
              "height": 600,
              "src": "https:\/\/cdn.shopify.com\/s\/files\/1\/0601\/3855\/3577\/products\/longisde_standard.jpg?v=1655373715",
              "variant_ids": [
                43233837809897
              ],
              "admin_graphql_api_id": "gid:\/\/shopify\/ProductImage\/37847788945641"
            }
          ],
          "image": {
            "product_id": 7753245327593,
            "id": 37847788716265,
            "position": 1,
            "created_at": "2022-06-16T12:01:52+02:00",
            "updated_at": "2022-06-16T12:01:52+02:00",
            "alt": null,
            "width": 644,
            "height": 600,
            "src": "https:\/\/cdn.shopify.com\/s\/files\/1\/0601\/3855\/3577\/products\/shortside_standard.jpg?v=1655373712",
            "variant_ids": [
              43233837777129
            ],
            "admin_graphql_api_id": "gid:\/\/shopify\/ProductImage\/37847788716265"
          },
          "shop_id": "62d14708cde2092c0801f832",
          "ets_fs_type": "product",
          "order_best_selling": 9999999999,
          "collections": [
            {
              "ruleSet": null,
              "ets_fs_type": "collection",
              "description": "Team: The Asociación Atlética Argentinos Juniors was founded on August 15, 1904 in the neighborhood of La Paternal, City of Buenos Aires. Is one of the 11 classic teams in Argentina. Recognized for training players like: Diego Armando Maradona, Fernando Redondo, Andrés D'Alessandro, Juan Román Riquelme, Claudio Borghi, Esteban Cambiasso, Sergio Batista, Juan Pablo Sorin, Fernando Cáceres, Leonel Gancedo, Diego Placente, Nicolás Pareja, Néstor Ortigoza, Lucas Biglia, Lucas Barrios, Federico Insúa, Leonardo Pisculichi. Argentinos Juniors won 3 local championships (1984, 1985, 2010), a 1985 Libertadores Cup and the 1986 Inter-American Cup. One of the best teams to live the experience with the local fans. Buy your tickets and enjoy also the prematch and postmatch at Diego Maradona Stadium! Stadium: The Diego Maradona Stadium is special, not only for its name, also because Argentinos Juniors was the team were Maradona debuts back in 1976. The stadium has a capacity for 24.000 spectators and is located in La Paternal neighborhood. Don't miss the opportunity to live the pre and post match with a local fan. Buy the full experience, select your match, select your host and buy Argentinos Juniors tickets.",
              "products_count": 5,
              "handle": "argentinos-juniors-tickets-experiences",
              "title": "Argentinos Juniors Tickets & Experiences",
              "fs_collection_type": "custom_collection",
              "shop_id": "62d14708cde2092c0801f832",
              "admin_graphql_api_id": "gid:\/\/shopify\/Collection\/404858536169",
              "descriptionHtml": "<h2 style=\"text-align: left;\"><span data-mce-fragment=\"1\">Team:<\/span><\/h2>\n<p style=\"text-align: left;\"><span data-mce-fragment=\"1\">The <\/span><strong data-mce-fragment=\"1\">Asociación Atlética Argentinos Juniors<\/strong><span data-mce-fragment=\"1\"> was founded on August 15, 1904 in the neighborhood of <\/span>La Paternal,<span data-mce-fragment=\"1\"> City of <\/span>Buenos Aires<span data-mce-fragment=\"1\">. Is one of the 11 classic teams in <\/span>Argentina.<br data-mce-fragment=\"1\"><span data-mce-fragment=\"1\"><\/span><\/p>\n<p style=\"text-align: left;\"><span data-mce-fragment=\"1\">Recognized for training players like: <\/span><strong>Diego Armando Maradona<\/strong>, Fernando Redondo, Andrés D'Alessandro, Juan Román Riquelme, Claudio Borghi, Esteban Cambiasso, Sergio Batista, Juan Pablo Sorin, Fernando Cáceres, Leonel Gancedo, Diego Placente, Nicolás Pareja, Néstor Ortigoza, Lucas Biglia, Lucas Barrios, Federico Insúa, Leonardo Pisculichi.<br data-mce-fragment=\"1\"><span data-mce-fragment=\"1\"><\/span><\/p>\n<p style=\"text-align: left;\">Argentinos Juniors won 3 local championships (1984, 1985, 2010), a 1985 Libertadores Cup and the 1986 Inter-American Cup.<br data-mce-fragment=\"1\"><span data-mce-fragment=\"1\"><\/span><\/p>\n<p style=\"text-align: left;\"><span data-mce-fragment=\"1\">One of the best teams to<\/span><strong data-mce-fragment=\"1\"><span data-mce-fragment=\"1\"> <\/span>live the experience with the local fans. <\/strong>Buy your tickets<strong data-mce-fragment=\"1\"> <\/strong>and enjoy also the prematch and postmatch at Diego Maradona Stadium!<\/p>\n<h2 style=\"text-align: left;\">Stadium:<\/h2>\n<p style=\"text-align: left;\">The Diego Maradona Stadium is special, not only for its name, also because Argentinos Juniors was the team were Maradona debuts back in 1976.<\/p>\n<p style=\"text-align: left;\">The stadium has a capacity for 24.000 spectators and is located in La Paternal neighborhood. Don't miss the opportunity to live the pre and post match with a local fan. <strong>Buy the full experience<\/strong>, select your match, select your host and buy <strong>Argentinos Juniors tickets.<\/strong><\/p>",
              "id": "404858536169",
              "productsCount": 5,
              "total_products": 5,
              "updatedAt": "2022-07-14T10:35:19Z",
              "status": "active"
            },
            {
              "ruleSet": {
                "appliedDisjunctively": true
              },
              "ets_fs_type": "collection",
              "description": "",
              "products_count": 78,
              "handle": "ets-fs-best-selling-products",
              "title": "Best selling products (DO NOT DELETE)",
              "fs_collection_type": "smart_collection",
              "shop_id": "62d14708cde2092c0801f832",
              "admin_graphql_api_id": "gid:\/\/shopify\/Collection\/407725605097",
              "descriptionHtml": "",
              "id": "407725605097",
              "productsCount": 78,
              "total_products": 78,
              "updatedAt": "2022-07-15T12:10:48Z",
              "status": "active"
            }
          ]
        },
        {
          "id": 7753245425897,
          "title": "Argentinos Juniors vs Boca Juniors Tickets",
          "body_html": "<p><strong>-Official tickets<\/strong><br><strong> -Tickets together guaranteed<\/strong><br> -Location: Diego Armando Maradona Stadium (Buenos Aires)<br> -Date: July 20<br> -Competition: Primera División Argentina<br> -Delivery: Depending on the match your tickets will be delivered by email or in person by a local guide.<br> <br> For more information contact us: sales@24x7tickets.com \/\/ (+34) 685 23 01 20<\/p>",
          "vendor": "Football Host",
          "product_type": "Tickets",
          "created_at": "2022-06-15T12:42:41+02:00",
          "handle": "argentinos-juniors-boca-juniors-primera-division-argentina-tickets",
          "updated_at": "2022-06-16T12:03:04+02:00",
          "published_at": "2022-06-15T12:42:40+02:00",
          "template_suffix": "",
          "status": "active",
          "published_scope": "web",
          "tags": "Tickets",
          "admin_graphql_api_id": "gid:\/\/shopify\/Product\/7753245425897",
          "variants": [
            {
              "id": 43233837940969,
              "product_id": 7753245425897,
              "title": "Shortside Standard",
              "price": 180,
              "sku": "20220720AJU04",
              "position": 1,
              "inventory_policy": "deny",
              "compare_at_price": 0,
              "fulfillment_service": "manual",
              "inventory_management": "shopify",
              "option1": "Shortside Standard",
              "option2": null,
              "option3": null,
              "created_at": "2022-06-15T12:42:41+02:00",
              "updated_at": "2022-06-16T12:03:04+02:00",
              "taxable": true,
              "barcode": null,
              "grams": 0,
              "image_id": 37847796875497,
              "weight": 0,
              "weight_unit": "kg",
              "inventory_item_id": 45329254777065,
              "inventory_quantity": 0,
              "old_inventory_quantity": 0,
              "requires_shipping": true,
              "admin_graphql_api_id": "gid:\/\/shopify\/ProductVariant\/43233837940969",
              "percent_sale": 0
            },
            {
              "id": 43233837973737,
              "product_id": 7753245425897,
              "title": "Longside Standard",
              "price": 240,
              "sku": "20220720AJU02",
              "position": 2,
              "inventory_policy": "deny",
              "compare_at_price": 0,
              "fulfillment_service": "manual",
              "inventory_management": "shopify",
              "option1": "Longside Standard",
              "option2": null,
              "option3": null,
              "created_at": "2022-06-15T12:42:41+02:00",
              "updated_at": "2022-06-16T12:03:04+02:00",
              "taxable": true,
              "barcode": null,
              "grams": 0,
              "image_id": 37847796547817,
              "weight": 0,
              "weight_unit": "kg",
              "inventory_item_id": 45329254809833,
              "inventory_quantity": 10,
              "old_inventory_quantity": 10,
              "requires_shipping": true,
              "admin_graphql_api_id": "gid:\/\/shopify\/ProductVariant\/43233837973737",
              "percent_sale": 0
            }
          ],
          "options": [
            {
              "id": 9849254183145,
              "product_id": 7753245425897,
              "name": "Category",
              "position": 1,
              "values": [
                "Shortside Standard",
                "Longside Standard"
              ],
              "label": "Category",
              "key": "category",
              "value": "Category"
            }
          ],
          "images": [
            {
              "id": 37847796875497,
              "product_id": 7753245425897,
              "position": 1,
              "created_at": "2022-06-16T12:02:56+02:00",
              "updated_at": "2022-06-16T12:02:57+02:00",
              "alt": null,
              "width": 644,
              "height": 600,
              "src": "https:\/\/cdn.shopify.com\/s\/files\/1\/0601\/3855\/3577\/products\/shortside_standard_48bdabaa-5a59-4ab7-ba3f-f135d1b4dfed.jpg?v=1655373777",
              "variant_ids": [
                43233837940969
              ],
              "admin_graphql_api_id": "gid:\/\/shopify\/ProductImage\/37847796875497"
            },
            {
              "id": 37847796547817,
              "product_id": 7753245425897,
              "position": 2,
              "created_at": "2022-06-16T12:02:51+02:00",
              "updated_at": "2022-06-16T12:02:57+02:00",
              "alt": null,
              "width": 644,
              "height": 600,
              "src": "https:\/\/cdn.shopify.com\/s\/files\/1\/0601\/3855\/3577\/products\/longisde_standard_9a3cea43-75b9-4d4d-bb3c-597b1880a2f6.jpg?v=1655373777",
              "variant_ids": [
                43233837973737
              ],
              "admin_graphql_api_id": "gid:\/\/shopify\/ProductImage\/37847796547817"
            }
          ],
          "image": {
            "id": 37847796875497,
            "product_id": 7753245425897,
            "position": 1,
            "created_at": "2022-06-16T12:02:56+02:00",
            "updated_at": "2022-06-16T12:02:57+02:00",
            "alt": null,
            "width": 644,
            "height": 600,
            "src": "https:\/\/cdn.shopify.com\/s\/files\/1\/0601\/3855\/3577\/products\/shortside_standard_48bdabaa-5a59-4ab7-ba3f-f135d1b4dfed.jpg?v=1655373777",
            "variant_ids": [
              43233837940969
            ],
            "admin_graphql_api_id": "gid:\/\/shopify\/ProductImage\/37847796875497"
          },
          "shop_id": "62d14708cde2092c0801f832",
          "ets_fs_type": "product",
          "order_best_selling": 9999999999,
          "collections": [
            {
              "ruleSet": null,
              "ets_fs_type": "collection",
              "description": "Team: The Asociación Atlética Argentinos Juniors was founded on August 15, 1904 in the neighborhood of La Paternal, City of Buenos Aires. Is one of the 11 classic teams in Argentina. Recognized for training players like: Diego Armando Maradona, Fernando Redondo, Andrés D'Alessandro, Juan Román Riquelme, Claudio Borghi, Esteban Cambiasso, Sergio Batista, Juan Pablo Sorin, Fernando Cáceres, Leonel Gancedo, Diego Placente, Nicolás Pareja, Néstor Ortigoza, Lucas Biglia, Lucas Barrios, Federico Insúa, Leonardo Pisculichi. Argentinos Juniors won 3 local championships (1984, 1985, 2010), a 1985 Libertadores Cup and the 1986 Inter-American Cup. One of the best teams to live the experience with the local fans. Buy your tickets and enjoy also the prematch and postmatch at Diego Maradona Stadium! Stadium: The Diego Maradona Stadium is special, not only for its name, also because Argentinos Juniors was the team were Maradona debuts back in 1976. The stadium has a capacity for 24.000 spectators and is located in La Paternal neighborhood. Don't miss the opportunity to live the pre and post match with a local fan. Buy the full experience, select your match, select your host and buy Argentinos Juniors tickets.",
              "products_count": 5,
              "handle": "argentinos-juniors-tickets-experiences",
              "title": "Argentinos Juniors Tickets & Experiences",
              "fs_collection_type": "custom_collection",
              "shop_id": "62d14708cde2092c0801f832",
              "admin_graphql_api_id": "gid:\/\/shopify\/Collection\/404858536169",
              "descriptionHtml": "<h2 style=\"text-align: left;\"><span data-mce-fragment=\"1\">Team:<\/span><\/h2>\n<p style=\"text-align: left;\"><span data-mce-fragment=\"1\">The <\/span><strong data-mce-fragment=\"1\">Asociación Atlética Argentinos Juniors<\/strong><span data-mce-fragment=\"1\"> was founded on August 15, 1904 in the neighborhood of <\/span>La Paternal,<span data-mce-fragment=\"1\"> City of <\/span>Buenos Aires<span data-mce-fragment=\"1\">. Is one of the 11 classic teams in <\/span>Argentina.<br data-mce-fragment=\"1\"><span data-mce-fragment=\"1\"><\/span><\/p>\n<p style=\"text-align: left;\"><span data-mce-fragment=\"1\">Recognized for training players like: <\/span><strong>Diego Armando Maradona<\/strong>, Fernando Redondo, Andrés D'Alessandro, Juan Román Riquelme, Claudio Borghi, Esteban Cambiasso, Sergio Batista, Juan Pablo Sorin, Fernando Cáceres, Leonel Gancedo, Diego Placente, Nicolás Pareja, Néstor Ortigoza, Lucas Biglia, Lucas Barrios, Federico Insúa, Leonardo Pisculichi.<br data-mce-fragment=\"1\"><span data-mce-fragment=\"1\"><\/span><\/p>\n<p style=\"text-align: left;\">Argentinos Juniors won 3 local championships (1984, 1985, 2010), a 1985 Libertadores Cup and the 1986 Inter-American Cup.<br data-mce-fragment=\"1\"><span data-mce-fragment=\"1\"><\/span><\/p>\n<p style=\"text-align: left;\"><span data-mce-fragment=\"1\">One of the best teams to<\/span><strong data-mce-fragment=\"1\"><span data-mce-fragment=\"1\"> <\/span>live the experience with the local fans. <\/strong>Buy your tickets<strong data-mce-fragment=\"1\"> <\/strong>and enjoy also the prematch and postmatch at Diego Maradona Stadium!<\/p>\n<h2 style=\"text-align: left;\">Stadium:<\/h2>\n<p style=\"text-align: left;\">The Diego Maradona Stadium is special, not only for its name, also because Argentinos Juniors was the team were Maradona debuts back in 1976.<\/p>\n<p style=\"text-align: left;\">The stadium has a capacity for 24.000 spectators and is located in La Paternal neighborhood. Don't miss the opportunity to live the pre and post match with a local fan. <strong>Buy the full experience<\/strong>, select your match, select your host and buy <strong>Argentinos Juniors tickets.<\/strong><\/p>",
              "id": "404858536169",
              "productsCount": 5,
              "total_products": 5,
              "updatedAt": "2022-07-14T10:35:19Z",
              "status": "active"
            },
            {
              "ruleSet": {
                "appliedDisjunctively": true
              },
              "ets_fs_type": "collection",
              "description": "",
              "products_count": 78,
              "handle": "ets-fs-best-selling-products",
              "title": "Best selling products (DO NOT DELETE)",
              "fs_collection_type": "smart_collection",
              "shop_id": "62d14708cde2092c0801f832",
              "admin_graphql_api_id": "gid:\/\/shopify\/Collection\/407725605097",
              "descriptionHtml": "",
              "id": "407725605097",
              "productsCount": 78,
              "total_products": 78,
              "updatedAt": "2022-07-15T12:10:48Z",
              "status": "active"
            }
          ]
        },
        {
          "id": 7753245524201,
          "title": "Argentinos Juniors vs San Lorenzo Tickets",
          "body_html": "<p><strong>-Official tickets<\/strong><br><strong> -Tickets together guaranteed<\/strong><br> -Location: Diego Armando Maradona Stadium (Buenos Aires)<br> -Date: July 31<br> -Competition: Primera División Argentina<br> -Delivery: Depending on the match your tickets will be delivered by email or in person by a local guide.<br> <br> For more information contact us: sales@24x7tickets.com \/\/ (+34) 685 23 01 20<\/p>",
          "vendor": "Football Host",
          "product_type": "Tickets",
          "created_at": "2022-06-15T12:42:43+02:00",
          "handle": "argentinos-juniors-san-lorenzo-primera-division-argentina-tickets",
          "updated_at": "2022-06-16T12:03:29+02:00",
          "published_at": "2022-06-15T12:42:42+02:00",
          "template_suffix": "",
          "status": "active",
          "published_scope": "web",
          "tags": "Tickets",
          "admin_graphql_api_id": "gid:\/\/shopify\/Product\/7753245524201",
          "variants": [
            {
              "id": 43233838170345,
              "product_id": 7753245524201,
              "title": "Shortside Standard",
              "price": 120,
              "sku": "20220731AJU04",
              "position": 1,
              "inventory_policy": "deny",
              "compare_at_price": 0,
              "fulfillment_service": "manual",
              "inventory_management": "shopify",
              "option1": "Shortside Standard",
              "option2": null,
              "option3": null,
              "created_at": "2022-06-15T12:42:43+02:00",
              "updated_at": "2022-06-16T12:03:29+02:00",
              "taxable": true,
              "barcode": null,
              "grams": 0,
              "image_id": 37847799922921,
              "weight": 0,
              "weight_unit": "kg",
              "inventory_item_id": 45329255006441,
              "inventory_quantity": 0,
              "old_inventory_quantity": 0,
              "requires_shipping": true,
              "admin_graphql_api_id": "gid:\/\/shopify\/ProductVariant\/43233838170345",
              "percent_sale": 0
            },
            {
              "id": 43233838203113,
              "product_id": 7753245524201,
              "title": "Longside Standard",
              "price": 176,
              "sku": "20220731AJU02",
              "position": 2,
              "inventory_policy": "deny",
              "compare_at_price": 0,
              "fulfillment_service": "manual",
              "inventory_management": "shopify",
              "option1": "Longside Standard",
              "option2": null,
              "option3": null,
              "created_at": "2022-06-15T12:42:43+02:00",
              "updated_at": "2022-06-16T12:03:29+02:00",
              "taxable": true,
              "barcode": null,
              "grams": 0,
              "image_id": 37847799398633,
              "weight": 0,
              "weight_unit": "kg",
              "inventory_item_id": 45329255039209,
              "inventory_quantity": 10,
              "old_inventory_quantity": 10,
              "requires_shipping": true,
              "admin_graphql_api_id": "gid:\/\/shopify\/ProductVariant\/43233838203113",
              "percent_sale": 0
            }
          ],
          "options": [
            {
              "id": 9849254314217,
              "product_id": 7753245524201,
              "name": "Category",
              "position": 1,
              "values": [
                "Shortside Standard",
                "Longside Standard"
              ],
              "label": "Category",
              "key": "category",
              "value": "Category"
            }
          ],
          "images": [
            {
              "id": 37847799922921,
              "product_id": 7753245524201,
              "position": 1,
              "created_at": "2022-06-16T12:03:22+02:00",
              "updated_at": "2022-06-16T12:03:22+02:00",
              "alt": null,
              "width": 644,
              "height": 600,
              "src": "https:\/\/cdn.shopify.com\/s\/files\/1\/0601\/3855\/3577\/products\/shortside_standard_f3e5b7cb-56a0-4da5-bf91-f89052529503.jpg?v=1655373802",
              "variant_ids": [
                43233838170345
              ],
              "admin_graphql_api_id": "gid:\/\/shopify\/ProductImage\/37847799922921"
            },
            {
              "id": 37847799398633,
              "product_id": 7753245524201,
              "position": 2,
              "created_at": "2022-06-16T12:03:17+02:00",
              "updated_at": "2022-06-16T12:03:22+02:00",
              "alt": null,
              "width": 644,
              "height": 600,
              "src": "https:\/\/cdn.shopify.com\/s\/files\/1\/0601\/3855\/3577\/products\/longisde_standard_fe26e80a-42b1-4df9-8acc-10c3ec455732.jpg?v=1655373802",
              "variant_ids": [
                43233838203113
              ],
              "admin_graphql_api_id": "gid:\/\/shopify\/ProductImage\/37847799398633"
            }
          ],
          "image": {
            "id": 37847799922921,
            "product_id": 7753245524201,
            "position": 1,
            "created_at": "2022-06-16T12:03:22+02:00",
            "updated_at": "2022-06-16T12:03:22+02:00",
            "alt": null,
            "width": 644,
            "height": 600,
            "src": "https:\/\/cdn.shopify.com\/s\/files\/1\/0601\/3855\/3577\/products\/shortside_standard_f3e5b7cb-56a0-4da5-bf91-f89052529503.jpg?v=1655373802",
            "variant_ids": [
              43233838170345
            ],
            "admin_graphql_api_id": "gid:\/\/shopify\/ProductImage\/37847799922921"
          },
          "shop_id": "62d14708cde2092c0801f832",
          "ets_fs_type": "product",
          "order_best_selling": 9999999999,
          "collections": [
            {
              "ruleSet": null,
              "ets_fs_type": "collection",
              "description": "Team: The Asociación Atlética Argentinos Juniors was founded on August 15, 1904 in the neighborhood of La Paternal, City of Buenos Aires. Is one of the 11 classic teams in Argentina. Recognized for training players like: Diego Armando Maradona, Fernando Redondo, Andrés D'Alessandro, Juan Román Riquelme, Claudio Borghi, Esteban Cambiasso, Sergio Batista, Juan Pablo Sorin, Fernando Cáceres, Leonel Gancedo, Diego Placente, Nicolás Pareja, Néstor Ortigoza, Lucas Biglia, Lucas Barrios, Federico Insúa, Leonardo Pisculichi. Argentinos Juniors won 3 local championships (1984, 1985, 2010), a 1985 Libertadores Cup and the 1986 Inter-American Cup. One of the best teams to live the experience with the local fans. Buy your tickets and enjoy also the prematch and postmatch at Diego Maradona Stadium! Stadium: The Diego Maradona Stadium is special, not only for its name, also because Argentinos Juniors was the team were Maradona debuts back in 1976. The stadium has a capacity for 24.000 spectators and is located in La Paternal neighborhood. Don't miss the opportunity to live the pre and post match with a local fan. Buy the full experience, select your match, select your host and buy Argentinos Juniors tickets.",
              "products_count": 5,
              "handle": "argentinos-juniors-tickets-experiences",
              "title": "Argentinos Juniors Tickets & Experiences",
              "fs_collection_type": "custom_collection",
              "shop_id": "62d14708cde2092c0801f832",
              "admin_graphql_api_id": "gid:\/\/shopify\/Collection\/404858536169",
              "descriptionHtml": "<h2 style=\"text-align: left;\"><span data-mce-fragment=\"1\">Team:<\/span><\/h2>\n<p style=\"text-align: left;\"><span data-mce-fragment=\"1\">The <\/span><strong data-mce-fragment=\"1\">Asociación Atlética Argentinos Juniors<\/strong><span data-mce-fragment=\"1\"> was founded on August 15, 1904 in the neighborhood of <\/span>La Paternal,<span data-mce-fragment=\"1\"> City of <\/span>Buenos Aires<span data-mce-fragment=\"1\">. Is one of the 11 classic teams in <\/span>Argentina.<br data-mce-fragment=\"1\"><span data-mce-fragment=\"1\"><\/span><\/p>\n<p style=\"text-align: left;\"><span data-mce-fragment=\"1\">Recognized for training players like: <\/span><strong>Diego Armando Maradona<\/strong>, Fernando Redondo, Andrés D'Alessandro, Juan Román Riquelme, Claudio Borghi, Esteban Cambiasso, Sergio Batista, Juan Pablo Sorin, Fernando Cáceres, Leonel Gancedo, Diego Placente, Nicolás Pareja, Néstor Ortigoza, Lucas Biglia, Lucas Barrios, Federico Insúa, Leonardo Pisculichi.<br data-mce-fragment=\"1\"><span data-mce-fragment=\"1\"><\/span><\/p>\n<p style=\"text-align: left;\">Argentinos Juniors won 3 local championships (1984, 1985, 2010), a 1985 Libertadores Cup and the 1986 Inter-American Cup.<br data-mce-fragment=\"1\"><span data-mce-fragment=\"1\"><\/span><\/p>\n<p style=\"text-align: left;\"><span data-mce-fragment=\"1\">One of the best teams to<\/span><strong data-mce-fragment=\"1\"><span data-mce-fragment=\"1\"> <\/span>live the experience with the local fans. <\/strong>Buy your tickets<strong data-mce-fragment=\"1\"> <\/strong>and enjoy also the prematch and postmatch at Diego Maradona Stadium!<\/p>\n<h2 style=\"text-align: left;\">Stadium:<\/h2>\n<p style=\"text-align: left;\">The Diego Maradona Stadium is special, not only for its name, also because Argentinos Juniors was the team were Maradona debuts back in 1976.<\/p>\n<p style=\"text-align: left;\">The stadium has a capacity for 24.000 spectators and is located in La Paternal neighborhood. Don't miss the opportunity to live the pre and post match with a local fan. <strong>Buy the full experience<\/strong>, select your match, select your host and buy <strong>Argentinos Juniors tickets.<\/strong><\/p>",
              "id": "404858536169",
              "productsCount": 5,
              "total_products": 5,
              "updatedAt": "2022-07-14T10:35:19Z",
              "status": "active"
            },
            {
              "ruleSet": {
                "appliedDisjunctively": true
              },
              "ets_fs_type": "collection",
              "description": "",
              "products_count": 78,
              "handle": "ets-fs-best-selling-products",
              "title": "Best selling products (DO NOT DELETE)",
              "fs_collection_type": "smart_collection",
              "shop_id": "62d14708cde2092c0801f832",
              "admin_graphql_api_id": "gid:\/\/shopify\/Collection\/407725605097",
              "descriptionHtml": "",
              "id": "407725605097",
              "productsCount": 78,
              "total_products": 78,
              "updatedAt": "2022-07-15T12:10:48Z",
              "status": "active"
            }
          ]
        },
        {
          "id": 7753245393129,
          "title": "Argentinos Juniors vs Tigre Tickets",
          "body_html": "<p><strong>-Official tickets<\/strong><br><strong> -Tickets together guaranteed<\/strong><br> -Location: Diego Armando Maradona Stadium (Buenos Aires)<br> -Date: July 10<br> -Competition: Primera División Argentina<br> -Delivery: Depending on the match your tickets will be delivered by email or in person by a local guide.<br> <br> For more information contact us: sales@24x7tickets.com \/\/ (+34) 685 23 01 20<\/p>",
          "vendor": "Football Host",
          "product_type": "Tickets",
          "created_at": "2022-06-15T12:42:39+02:00",
          "handle": "argentinos-juniors-tigre-primera-division-argentina-tickets",
          "updated_at": "2022-06-16T12:03:59+02:00",
          "published_at": "2022-06-15T12:42:38+02:00",
          "template_suffix": "",
          "status": "active",
          "published_scope": "web",
          "tags": "Tickets",
          "admin_graphql_api_id": "gid:\/\/shopify\/Product\/7753245393129",
          "variants": [
            {
              "id": 43233837875433,
              "product_id": 7753245393129,
              "title": "Shortside Standard",
              "price": 120,
              "sku": "20220710AJU04",
              "position": 1,
              "inventory_policy": "deny",
              "compare_at_price": 0,
              "fulfillment_service": "manual",
              "inventory_management": "shopify",
              "option1": "Shortside Standard",
              "option2": null,
              "option3": null,
              "created_at": "2022-06-15T12:42:40+02:00",
              "updated_at": "2022-06-16T12:03:59+02:00",
              "taxable": true,
              "barcode": null,
              "grams": 0,
              "image_id": 37847802544361,
              "weight": 0,
              "weight_unit": "kg",
              "inventory_item_id": 45329254711529,
              "inventory_quantity": 0,
              "old_inventory_quantity": 0,
              "requires_shipping": true,
              "admin_graphql_api_id": "gid:\/\/shopify\/ProductVariant\/43233837875433",
              "percent_sale": 0
            },
            {
              "id": 43233837908201,
              "product_id": 7753245393129,
              "title": "Longside Standard",
              "price": 176,
              "sku": "20220710AJU02",
              "position": 2,
              "inventory_policy": "deny",
              "compare_at_price": 0,
              "fulfillment_service": "manual",
              "inventory_management": "shopify",
              "option1": "Longside Standard",
              "option2": null,
              "option3": null,
              "created_at": "2022-06-15T12:42:40+02:00",
              "updated_at": "2022-06-16T12:03:59+02:00",
              "taxable": true,
              "barcode": null,
              "grams": 0,
              "image_id": 37847802970345,
              "weight": 0,
              "weight_unit": "kg",
              "inventory_item_id": 45329254744297,
              "inventory_quantity": 10,
              "old_inventory_quantity": 10,
              "requires_shipping": true,
              "admin_graphql_api_id": "gid:\/\/shopify\/ProductVariant\/43233837908201",
              "percent_sale": 0
            }
          ],
          "options": [
            {
              "id": 9849254150377,
              "product_id": 7753245393129,
              "name": "Category",
              "position": 1,
              "values": [
                "Shortside Standard",
                "Longside Standard"
              ],
              "label": "Category",
              "key": "category",
              "value": "Category"
            }
          ],
          "images": [
            {
              "id": 37847802544361,
              "product_id": 7753245393129,
              "position": 1,
              "created_at": "2022-06-16T12:03:47+02:00",
              "updated_at": "2022-06-16T12:03:47+02:00",
              "alt": null,
              "width": 644,
              "height": 600,
              "src": "https:\/\/cdn.shopify.com\/s\/files\/1\/0601\/3855\/3577\/products\/shortside_standard_65d0220e-bd71-46cd-83d5-66ce354d56f3.jpg?v=1655373827",
              "variant_ids": [
                43233837875433
              ],
              "admin_graphql_api_id": "gid:\/\/shopify\/ProductImage\/37847802544361"
            },
            {
              "id": 37847802970345,
              "product_id": 7753245393129,
              "position": 2,
              "created_at": "2022-06-16T12:03:51+02:00",
              "updated_at": "2022-06-16T12:03:51+02:00",
              "alt": null,
              "width": 644,
              "height": 600,
              "src": "https:\/\/cdn.shopify.com\/s\/files\/1\/0601\/3855\/3577\/products\/longisde_standard_3dacc6c2-d972-47f1-a8e4-541839c90582.jpg?v=1655373831",
              "variant_ids": [
                43233837908201
              ],
              "admin_graphql_api_id": "gid:\/\/shopify\/ProductImage\/37847802970345"
            }
          ],
          "image": {
            "id": 37847802544361,
            "product_id": 7753245393129,
            "position": 1,
            "created_at": "2022-06-16T12:03:47+02:00",
            "updated_at": "2022-06-16T12:03:47+02:00",
            "alt": null,
            "width": 644,
            "height": 600,
            "src": "https:\/\/cdn.shopify.com\/s\/files\/1\/0601\/3855\/3577\/products\/shortside_standard_65d0220e-bd71-46cd-83d5-66ce354d56f3.jpg?v=1655373827",
            "variant_ids": [
              43233837875433
            ],
            "admin_graphql_api_id": "gid:\/\/shopify\/ProductImage\/37847802544361"
          },
          "shop_id": "62d14708cde2092c0801f832",
          "ets_fs_type": "product",
          "order_best_selling": 9999999999,
          "collections": [
            {
              "ruleSet": null,
              "ets_fs_type": "collection",
              "description": "Team: The Asociación Atlética Argentinos Juniors was founded on August 15, 1904 in the neighborhood of La Paternal, City of Buenos Aires. Is one of the 11 classic teams in Argentina. Recognized for training players like: Diego Armando Maradona, Fernando Redondo, Andrés D'Alessandro, Juan Román Riquelme, Claudio Borghi, Esteban Cambiasso, Sergio Batista, Juan Pablo Sorin, Fernando Cáceres, Leonel Gancedo, Diego Placente, Nicolás Pareja, Néstor Ortigoza, Lucas Biglia, Lucas Barrios, Federico Insúa, Leonardo Pisculichi. Argentinos Juniors won 3 local championships (1984, 1985, 2010), a 1985 Libertadores Cup and the 1986 Inter-American Cup. One of the best teams to live the experience with the local fans. Buy your tickets and enjoy also the prematch and postmatch at Diego Maradona Stadium! Stadium: The Diego Maradona Stadium is special, not only for its name, also because Argentinos Juniors was the team were Maradona debuts back in 1976. The stadium has a capacity for 24.000 spectators and is located in La Paternal neighborhood. Don't miss the opportunity to live the pre and post match with a local fan. Buy the full experience, select your match, select your host and buy Argentinos Juniors tickets.",
              "products_count": 5,
              "handle": "argentinos-juniors-tickets-experiences",
              "title": "Argentinos Juniors Tickets & Experiences",
              "fs_collection_type": "custom_collection",
              "shop_id": "62d14708cde2092c0801f832",
              "admin_graphql_api_id": "gid:\/\/shopify\/Collection\/404858536169",
              "descriptionHtml": "<h2 style=\"text-align: left;\"><span data-mce-fragment=\"1\">Team:<\/span><\/h2>\n<p style=\"text-align: left;\"><span data-mce-fragment=\"1\">The <\/span><strong data-mce-fragment=\"1\">Asociación Atlética Argentinos Juniors<\/strong><span data-mce-fragment=\"1\"> was founded on August 15, 1904 in the neighborhood of <\/span>La Paternal,<span data-mce-fragment=\"1\"> City of <\/span>Buenos Aires<span data-mce-fragment=\"1\">. Is one of the 11 classic teams in <\/span>Argentina.<br data-mce-fragment=\"1\"><span data-mce-fragment=\"1\"><\/span><\/p>\n<p style=\"text-align: left;\"><span data-mce-fragment=\"1\">Recognized for training players like: <\/span><strong>Diego Armando Maradona<\/strong>, Fernando Redondo, Andrés D'Alessandro, Juan Román Riquelme, Claudio Borghi, Esteban Cambiasso, Sergio Batista, Juan Pablo Sorin, Fernando Cáceres, Leonel Gancedo, Diego Placente, Nicolás Pareja, Néstor Ortigoza, Lucas Biglia, Lucas Barrios, Federico Insúa, Leonardo Pisculichi.<br data-mce-fragment=\"1\"><span data-mce-fragment=\"1\"><\/span><\/p>\n<p style=\"text-align: left;\">Argentinos Juniors won 3 local championships (1984, 1985, 2010), a 1985 Libertadores Cup and the 1986 Inter-American Cup.<br data-mce-fragment=\"1\"><span data-mce-fragment=\"1\"><\/span><\/p>\n<p style=\"text-align: left;\"><span data-mce-fragment=\"1\">One of the best teams to<\/span><strong data-mce-fragment=\"1\"><span data-mce-fragment=\"1\"> <\/span>live the experience with the local fans. <\/strong>Buy your tickets<strong data-mce-fragment=\"1\"> <\/strong>and enjoy also the prematch and postmatch at Diego Maradona Stadium!<\/p>\n<h2 style=\"text-align: left;\">Stadium:<\/h2>\n<p style=\"text-align: left;\">The Diego Maradona Stadium is special, not only for its name, also because Argentinos Juniors was the team were Maradona debuts back in 1976.<\/p>\n<p style=\"text-align: left;\">The stadium has a capacity for 24.000 spectators and is located in La Paternal neighborhood. Don't miss the opportunity to live the pre and post match with a local fan. <strong>Buy the full experience<\/strong>, select your match, select your host and buy <strong>Argentinos Juniors tickets.<\/strong><\/p>",
              "id": "404858536169",
              "productsCount": 5,
              "total_products": 5,
              "updatedAt": "2022-07-14T10:35:19Z",
              "status": "active"
            },
            {
              "ruleSet": {
                "appliedDisjunctively": true
              },
              "ets_fs_type": "collection",
              "description": "",
              "products_count": 78,
              "handle": "ets-fs-best-selling-products",
              "title": "Best selling products (DO NOT DELETE)",
              "fs_collection_type": "smart_collection",
              "shop_id": "62d14708cde2092c0801f832",
              "admin_graphql_api_id": "gid:\/\/shopify\/Collection\/407725605097",
              "descriptionHtml": "",
              "id": "407725605097",
              "productsCount": 78,
              "total_products": 78,
              "updatedAt": "2022-07-15T12:10:48Z",
              "status": "active"
            }
          ]
        },
        {
          "id": 7753245622505,
          "title": "Argentinos Juniors vs Union Tickets",
          "body_html": "<p><strong>-Official tickets<\/strong><br><strong> -Tickets together guaranteed<\/strong><br> -Location: Diego Armando Maradona Stadium (Buenos Aires)<br> -Date: August 14<br> -Competition: Primera División Argentina<br> -Delivery: Depending on the match your tickets will be delivered by email or in person by a local guide.<br> <br> For more information contact us: sales@24x7tickets.com \/\/ (+34) 685 23 01 20<\/p>",
          "vendor": "Football Host",
          "product_type": "Tickets",
          "created_at": "2022-06-15T12:42:45+02:00",
          "handle": "argentinos-juniors-union-primera-division-argentina-tickets",
          "updated_at": "2022-06-16T12:04:30+02:00",
          "published_at": "2022-06-15T12:42:44+02:00",
          "template_suffix": "",
          "status": "active",
          "published_scope": "web",
          "tags": "Tickets",
          "admin_graphql_api_id": "gid:\/\/shopify\/Product\/7753245622505",
          "variants": [
            {
              "id": 43233838301417,
              "product_id": 7753245622505,
              "title": "Shortside Standard",
              "price": 120,
              "sku": "20220814AJU04",
              "position": 1,
              "inventory_policy": "deny",
              "compare_at_price": 0,
              "fulfillment_service": "manual",
              "inventory_management": "shopify",
              "option1": "Shortside Standard",
              "option2": null,
              "option3": null,
              "created_at": "2022-06-15T12:42:45+02:00",
              "updated_at": "2022-06-16T12:04:30+02:00",
              "taxable": true,
              "barcode": null,
              "grams": 0,
              "image_id": 37847806574825,
              "weight": 0,
              "weight_unit": "kg",
              "inventory_item_id": 45329255137513,
              "inventory_quantity": 0,
              "old_inventory_quantity": 0,
              "requires_shipping": true,
              "admin_graphql_api_id": "gid:\/\/shopify\/ProductVariant\/43233838301417",
              "percent_sale": 0
            },
            {
              "id": 43233838334185,
              "product_id": 7753245622505,
              "title": "Longside Standard",
              "price": 176,
              "sku": "20220814AJU02",
              "position": 2,
              "inventory_policy": "deny",
              "compare_at_price": 0,
              "fulfillment_service": "manual",
              "inventory_management": "shopify",
              "option1": "Longside Standard",
              "option2": null,
              "option3": null,
              "created_at": "2022-06-15T12:42:45+02:00",
              "updated_at": "2022-06-16T12:04:30+02:00",
              "taxable": true,
              "barcode": null,
              "grams": 0,
              "image_id": 37847805722857,
              "weight": 0,
              "weight_unit": "kg",
              "inventory_item_id": 45329255170281,
              "inventory_quantity": 10,
              "old_inventory_quantity": 10,
              "requires_shipping": true,
              "admin_graphql_api_id": "gid:\/\/shopify\/ProductVariant\/43233838334185",
              "percent_sale": 0
            }
          ],
          "options": [
            {
              "id": 9849254412521,
              "product_id": 7753245622505,
              "name": "Category",
              "position": 1,
              "values": [
                "Shortside Standard",
                "Longside Standard"
              ],
              "label": "Category",
              "key": "category",
              "value": "Category"
            }
          ],
          "images": [
            {
              "id": 37847806574825,
              "product_id": 7753245622505,
              "position": 1,
              "created_at": "2022-06-16T12:04:20+02:00",
              "updated_at": "2022-06-16T12:04:29+02:00",
              "alt": null,
              "width": 644,
              "height": 600,
              "src": "https:\/\/cdn.shopify.com\/s\/files\/1\/0601\/3855\/3577\/products\/shortside_standard_294a538b-1347-4449-aa12-edc7ad1923c1.jpg?v=1655373869",
              "variant_ids": [
                43233838301417
              ],
              "admin_graphql_api_id": "gid:\/\/shopify\/ProductImage\/37847806574825"
            },
            {
              "id": 37847805722857,
              "product_id": 7753245622505,
              "position": 2,
              "created_at": "2022-06-16T12:04:14+02:00",
              "updated_at": "2022-06-16T12:04:29+02:00",
              "alt": null,
              "width": 644,
              "height": 600,
              "src": "https:\/\/cdn.shopify.com\/s\/files\/1\/0601\/3855\/3577\/products\/longisde_standard_db45f8c8-7458-45a4-8771-b621660fc5a5.jpg?v=1655373869",
              "variant_ids": [
                43233838334185
              ],
              "admin_graphql_api_id": "gid:\/\/shopify\/ProductImage\/37847805722857"
            }
          ],
          "image": {
            "id": 37847806574825,
            "product_id": 7753245622505,
            "position": 1,
            "created_at": "2022-06-16T12:04:20+02:00",
            "updated_at": "2022-06-16T12:04:29+02:00",
            "alt": null,
            "width": 644,
            "height": 600,
            "src": "https:\/\/cdn.shopify.com\/s\/files\/1\/0601\/3855\/3577\/products\/shortside_standard_294a538b-1347-4449-aa12-edc7ad1923c1.jpg?v=1655373869",
            "variant_ids": [
              43233838301417
            ],
            "admin_graphql_api_id": "gid:\/\/shopify\/ProductImage\/37847806574825"
          },
          "shop_id": "62d14708cde2092c0801f832",
          "ets_fs_type": "product",
          "order_best_selling": 9999999999,
          "collections": [
            {
              "ruleSet": null,
              "ets_fs_type": "collection",
              "description": "Team: The Asociación Atlética Argentinos Juniors was founded on August 15, 1904 in the neighborhood of La Paternal, City of Buenos Aires. Is one of the 11 classic teams in Argentina. Recognized for training players like: Diego Armando Maradona, Fernando Redondo, Andrés D'Alessandro, Juan Román Riquelme, Claudio Borghi, Esteban Cambiasso, Sergio Batista, Juan Pablo Sorin, Fernando Cáceres, Leonel Gancedo, Diego Placente, Nicolás Pareja, Néstor Ortigoza, Lucas Biglia, Lucas Barrios, Federico Insúa, Leonardo Pisculichi. Argentinos Juniors won 3 local championships (1984, 1985, 2010), a 1985 Libertadores Cup and the 1986 Inter-American Cup. One of the best teams to live the experience with the local fans. Buy your tickets and enjoy also the prematch and postmatch at Diego Maradona Stadium! Stadium: The Diego Maradona Stadium is special, not only for its name, also because Argentinos Juniors was the team were Maradona debuts back in 1976. The stadium has a capacity for 24.000 spectators and is located in La Paternal neighborhood. Don't miss the opportunity to live the pre and post match with a local fan. Buy the full experience, select your match, select your host and buy Argentinos Juniors tickets.",
              "products_count": 5,
              "handle": "argentinos-juniors-tickets-experiences",
              "title": "Argentinos Juniors Tickets & Experiences",
              "fs_collection_type": "custom_collection",
              "shop_id": "62d14708cde2092c0801f832",
              "admin_graphql_api_id": "gid:\/\/shopify\/Collection\/404858536169",
              "descriptionHtml": "<h2 style=\"text-align: left;\"><span data-mce-fragment=\"1\">Team:<\/span><\/h2>\n<p style=\"text-align: left;\"><span data-mce-fragment=\"1\">The <\/span><strong data-mce-fragment=\"1\">Asociación Atlética Argentinos Juniors<\/strong><span data-mce-fragment=\"1\"> was founded on August 15, 1904 in the neighborhood of <\/span>La Paternal,<span data-mce-fragment=\"1\"> City of <\/span>Buenos Aires<span data-mce-fragment=\"1\">. Is one of the 11 classic teams in <\/span>Argentina.<br data-mce-fragment=\"1\"><span data-mce-fragment=\"1\"><\/span><\/p>\n<p style=\"text-align: left;\"><span data-mce-fragment=\"1\">Recognized for training players like: <\/span><strong>Diego Armando Maradona<\/strong>, Fernando Redondo, Andrés D'Alessandro, Juan Román Riquelme, Claudio Borghi, Esteban Cambiasso, Sergio Batista, Juan Pablo Sorin, Fernando Cáceres, Leonel Gancedo, Diego Placente, Nicolás Pareja, Néstor Ortigoza, Lucas Biglia, Lucas Barrios, Federico Insúa, Leonardo Pisculichi.<br data-mce-fragment=\"1\"><span data-mce-fragment=\"1\"><\/span><\/p>\n<p style=\"text-align: left;\">Argentinos Juniors won 3 local championships (1984, 1985, 2010), a 1985 Libertadores Cup and the 1986 Inter-American Cup.<br data-mce-fragment=\"1\"><span data-mce-fragment=\"1\"><\/span><\/p>\n<p style=\"text-align: left;\"><span data-mce-fragment=\"1\">One of the best teams to<\/span><strong data-mce-fragment=\"1\"><span data-mce-fragment=\"1\"> <\/span>live the experience with the local fans. <\/strong>Buy your tickets<strong data-mce-fragment=\"1\"> <\/strong>and enjoy also the prematch and postmatch at Diego Maradona Stadium!<\/p>\n<h2 style=\"text-align: left;\">Stadium:<\/h2>\n<p style=\"text-align: left;\">The Diego Maradona Stadium is special, not only for its name, also because Argentinos Juniors was the team were Maradona debuts back in 1976.<\/p>\n<p style=\"text-align: left;\">The stadium has a capacity for 24.000 spectators and is located in La Paternal neighborhood. Don't miss the opportunity to live the pre and post match with a local fan. <strong>Buy the full experience<\/strong>, select your match, select your host and buy <strong>Argentinos Juniors tickets.<\/strong><\/p>",
              "id": "404858536169",
              "productsCount": 5,
              "total_products": 5,
              "updatedAt": "2022-07-14T10:35:19Z",
              "status": "active"
            },
            {
              "ruleSet": {
                "appliedDisjunctively": true
              },
              "ets_fs_type": "collection",
              "description": "",
              "products_count": 78,
              "handle": "ets-fs-best-selling-products",
              "title": "Best selling products (DO NOT DELETE)",
              "fs_collection_type": "smart_collection",
              "shop_id": "62d14708cde2092c0801f832",
              "admin_graphql_api_id": "gid:\/\/shopify\/Collection\/407725605097",
              "descriptionHtml": "",
              "id": "407725605097",
              "productsCount": 78,
              "total_products": 78,
              "updatedAt": "2022-07-15T12:10:48Z",
              "status": "active"
            }
          ]
        }
      ]
    },
    "filters": [
      {
        "user_id": "62d14708cde2092c0801f832",
        "filter_information": {
          "active": 1,
          "show_out_of_stock": 0,
          "filter_name": "Tickets\/Experiences",
          "collection_applied": [
            "404858110185"
          ]
        },
        "list_filter_options": [
          {
            "filter_type": "type",
            "filter_enable": true,
            "filter_label": "Type",
            "filter_description": "test",
            "filter_display_type": "checkbox",
            "filter_sort_by": "most_product",
            "filter_uppercase_values": 0,
            "filter_ranger_price": {
              "ranger": 1,
              "step": 1,
              "delimiter": ",",
              "show_ranger": true,
              "from": "",
              "to": 995
            },
            "filter_ranger_weight": {
              "ranger": 1,
              "step": 1,
              "delimiter": ",",
              "show_ranger": true,
              "from": "",
              "to": ""
            },
            "filter_percent_sale": [
              {
                "from": 10,
                "to": ""
              }
            ],
            "filter_stock_status": {
              "instock": "In-stock",
              "outStock": "Out of stock"
            },
            "filter_color_start": "#FFD117",
            "filter_option_value": [

            ],
            "filter_option_value_type": "text",
            "filter_swatch_style": "square",
            "filter_vendors_applied": [

            ],
            "filter_types_applied": [
              "experiences",
              "tickets"
            ],
            "filter_tags_applied": [

            ],
            "filter_type_default": 1,
            "filter_collection_applied": [

            ],
            "filter_collection_behavior": "default",
            "filter_position": 0,
            "id_option_filter": 1,
            "filter_list": [
              {
                "label": "Tickets",
                "value": "Tickets",
                "key": "tickets",
                "total_products": 33,
                "title": "Tickets",
                "id": "Tickets"
              },
              {
                "label": "Experiences",
                "value": "Experiences",
                "key": "experiences",
                "total_products": 1,
                "title": "Experiences",
                "id": "Experiences"
              }
            ],
            "filter_type_key": "list"
          }
        ],
        "updated_at": "2022-07-18T10:11:48.853000Z",
        "created_at": "2022-07-18T10:07:48.485000Z",
        "id": "62d530f4b24fbfe0c8021b52"
      }
    ]
  }
}